purchasing,purchased,total
A01,A01,9742.12
A01,A02,0
A01,A03,0
A01,B,90.66
A01,C10-12,4812.52
A01,C13-15,51.08
A01,C16,323.08
A01,C17,96.86
A01,C18,0.14
A01,C19,971.69
A01,C20,1669.02
A01,C21,125.49
A01,C22,192.27
A01,C23,146.05
A01,C24,0
A01,C25,144.21
A01,C26,0.01
A01,C27,8.92
A01,C28,16.71
A01,C29,77.51
A01,C30,0.02
A01,C31_32,0.03
A01,C33,2166
A01,D,764.02
A01,E36,335.38
A01,E37-39,56.1
A01,F,282.36
A01,G45,202.26
A01,G46,2580.8
A01,G47,254.58
A01,H49,481.13
A01,H50,6.46
A01,H51,9.11
A01,H52,42.81
A01,H53,8.39
A01,I,35.63
A01,J58,128.25
A01,J59_60,0.03
A01,J61,29.37
A01,J62_63,0.14
A01,K64,1032.3
A01,K65,546.15
A01,K66,9.62
A01,L68B,16.46
A01,L68A,0
A01,M69_70,577.41
A01,M71,256.88
A01,M72,0
A01,M73,0.09
A01,M74_75,419.9
A01,N77,288.79
A01,N78,0.25
A01,N79,0
A01,N80-82,126.85
A01,O,0
A01,P,112.05
A01,Q86,0.05
A01,Q87_88,0
A01,R90-92,0.05
A01,R93,0.06
A01,S94,0
A01,S95,0
A01,S96,0.02
A01,T,0
A01,HH,6215.12
A02,A01,118.94
A02,A02,1398.51
A02,A03,2.72
A02,B,0.81
A02,C10-12,0.74
A02,C13-15,0.41
A02,C16,0.03
A02,C17,1.27
A02,C18,1.32
A02,C19,36.74
A02,C20,9.2
A02,C21,0.02
A02,C22,2.41
A02,C23,2.8
A02,C24,5.64
A02,C25,10.04
A02,C26,0.06
A02,C27,0.49
A02,C28,17.88
A02,C29,2.89
A02,C30,0.63
A02,C31_32,0.15
A02,C33,12.6
A02,D,15.76
A02,E36,1.2
A02,E37-39,2.9
A02,F,20.79
A02,G45,5.34
A02,G46,423.2
A02,G47,41.89
A02,H49,53.17
A02,H50,0.71
A02,H51,0.75
A02,H52,5.52
A02,H53,3.9
A02,I,1.89
A02,J58,1.32
A02,J59_60,0.81
A02,J61,7.04
A02,J62_63,1.76
A02,K64,38.34
A02,K65,37.05
A02,K66,13.18
A02,L68B,3.64
A02,L68A,0
A02,M69_70,23.32
A02,M71,14.69
A02,M72,0
A02,M73,0.35
A02,M74_75,5.94
A02,N77,9.47
A02,N78,9.17
A02,N79,0.01
A02,N80-82,16.94
A02,O,0
A02,P,14.02
A02,Q86,0.2
A02,Q87_88,0
A02,R90-92,0.14
A02,R93,0.15
A02,S94,0
A02,S95,20.09
A02,S96,0
A02,T,0
A02,HH,1049.47
A03,A01,0
A03,A02,0
A03,A03,36.39
A03,B,31.15
A03,C10-12,43.87
A03,C13-15,2.78
A03,C16,21.62
A03,C17,3.67
A03,C18,4.18
A03,C19,69.06
A03,C20,89.26
A03,C21,6.45
A03,C22,11.34
A03,C23,13.19
A03,C24,0
A03,C25,8.07
A03,C26,0
A03,C27,0.66
A03,C28,26.85
A03,C29,0
A03,C30,0
A03,C31_32,1.1
A03,C33,0
A03,D,28.18
A03,E36,20.66
A03,E37-39,0.89
A03,F,9.9
A03,G45,14.88
A03,G46,123.88
A03,G47,12.21
A03,H49,21.24
A03,H50,0.26
A03,H51,0.24
A03,H52,5.52
A03,H53,0
A03,I,0
A03,J58,0.47
A03,J59_60,3.59
A03,J61,1
A03,J62_63,0
A03,K64,105.69
A03,K65,13.38
A03,K66,0
A03,L68B,1.03
A03,L68A,0
A03,M69_70,74
A03,M71,0
A03,M72,0
A03,M73,0
A03,M74_75,4.89
A03,N77,25.35
A03,N78,4
A03,N79,0
A03,N80-82,2.11
A03,O,0
A03,P,7.66
A03,Q86,0
A03,Q87_88,0
A03,R90-92,0
A03,R93,0
A03,S94,0
A03,S95,44.83
A03,S96,5.17
A03,T,0
A03,HH,456
B,A01,0
B,A02,0
B,A03,0
B,B,86.97
B,C10-12,33
B,C13-15,2.36
B,C16,25.23
B,C17,13.16
B,C18,6.31
B,C19,77.54
B,C20,42.75
B,C21,0
B,C22,30.4
B,C23,184.5
B,C24,5.69
B,C25,90.15
B,C26,3.73
B,C27,5.38
B,C28,78.67
B,C29,1.16
B,C30,0.01
B,C31_32,0
B,C33,119.9
B,D,110.29
B,E36,0.01
B,E37-39,42.13
B,F,59.48
B,G45,14.88
B,G46,323.43
B,G47,24.98
B,H49,47.08
B,H50,0.47
B,H51,2.77
B,H52,100.88
B,H53,2.41
B,I,55.91
B,J58,0.54
B,J59_60,1.43
B,J61,26.79
B,J62_63,3.87
B,K64,114.73
B,K65,31.18
B,K66,14.24
B,L68B,78.86
B,L68A,0
B,M69_70,164.49
B,M71,61.08
B,M72,0
B,M73,11.96
B,M74_75,3.91
B,N77,44.23
B,N78,80.01
B,N79,2.68
B,N80-82,57.49
B,O,0
B,P,20.48
B,Q86,0.52
B,Q87_88,0
B,R90-92,0
B,R93,0
B,S94,0
B,S95,0
B,S96,0
B,T,0
B,HH,931.15
C10-12,A01,30161.01
C10-12,A02,2.93
C10-12,A03,670.49
C10-12,B,445.19
C10-12,C10-12,19090.39
C10-12,C13-15,83.32
C10-12,C16,264.8
C10-12,C17,894.1
C10-12,C18,111.5
C10-12,C19,517.87
C10-12,C20,716.31
C10-12,C21,36.64
C10-12,C22,1481.45
C10-12,C23,411.34
C10-12,C24,16.43
C10-12,C25,1011.77
C10-12,C26,12.99
C10-12,C27,43.05
C10-12,C28,189.67
C10-12,C29,53.32
C10-12,C30,1.34
C10-12,C31_32,48.34
C10-12,C33,485.97
C10-12,D,2233.91
C10-12,E36,479.61
C10-12,E37-39,627.4
C10-12,F,177.46
C10-12,G45,203.08
C10-12,G46,9278.58
C10-12,G47,842.48
C10-12,H49,1771.76
C10-12,H50,22.62
C10-12,H51,93.21
C10-12,H52,1817.89
C10-12,H53,74.66
C10-12,I,379.56
C10-12,J58,49.41
C10-12,J59_60,197.43
C10-12,J61,235.64
C10-12,J62_63,424.83
C10-12,K64,1777.33
C10-12,K65,751.47
C10-12,K66,120.56
C10-12,L68B,638.15
C10-12,L68A,0
C10-12,M69_70,3502.79
C10-12,M71,495.56
C10-12,M72,0
C10-12,M73,2233.7
C10-12,M74_75,191.76
C10-12,N77,1115.59
C10-12,N78,2421
C10-12,N79,72.14
C10-12,N80-82,1225.8
C10-12,O,0
C10-12,P,311.24
C10-12,Q86,38.7
C10-12,Q87_88,0
C10-12,R90-92,0
C10-12,R93,51.9
C10-12,S94,62.33
C10-12,S95,323.21
C10-12,S96,139.13
C10-12,T,0
C10-12,HH,21480.51
C13-15,A01,142.73
C13-15,A02,0
C13-15,A03,5.51
C13-15,B,24.9
C13-15,C10-12,248.81
C13-15,C13-15,1606.51
C13-15,C16,10.33
C13-15,C17,111.31
C13-15,C18,24.23
C13-15,C19,43.95
C13-15,C20,321.25
C13-15,C21,0.63
C13-15,C22,213.27
C13-15,C23,15.3
C13-15,C24,6.27
C13-15,C25,136.14
C13-15,C26,4.07
C13-15,C27,7.95
C13-15,C28,36.42
C13-15,C29,2.71
C13-15,C30,0.18
C13-15,C31_32,10.34
C13-15,C33,13.27
C13-15,D,177.96
C13-15,E36,24.4
C13-15,E37-39,182.37
C13-15,F,38.92
C13-15,G45,14.43
C13-15,G46,1186.1
C13-15,G47,109.32
C13-15,H49,181.27
C13-15,H50,2.21
C13-15,H51,13.62
C13-15,H52,182.08
C13-15,H53,13.74
C13-15,I,43.67
C13-15,J58,5.35
C13-15,J59_60,19.01
C13-15,J61,54.47
C13-15,J62_63,63.28
C13-15,K64,222.22
C13-15,K65,53.61
C13-15,K66,21.16
C13-15,L68B,75.46
C13-15,L68A,0
C13-15,M69_70,263.51
C13-15,M71,69.97
C13-15,M72,0
C13-15,M73,209.57
C13-15,M74_75,8.24
C13-15,N77,62.52
C13-15,N78,229.21
C13-15,N79,10.5
C13-15,N80-82,116.75
C13-15,O,0
C13-15,P,43.66
C13-15,Q86,5.04
C13-15,Q87_88,0
C13-15,R90-92,0.04
C13-15,R93,5.95
C13-15,S94,24.65
C13-15,S95,7.33
C13-15,S96,5.55
C13-15,T,0
C13-15,HH,3432.85
C16,A01,0.01
C16,A02,1329.71
C16,A03,0
C16,B,4.08
C16,C10-12,24.26
C16,C13-15,20.57
C16,C16,1348.1
C16,C17,39.57
C16,C18,13.71
C16,C19,32.32
C16,C20,54.72
C16,C21,0.18
C16,C22,44.27
C16,C23,38.68
C16,C24,7.13
C16,C25,153.31
C16,C26,4.12
C16,C27,10.17
C16,C28,27.97
C16,C29,3.32
C16,C30,0.09
C16,C31_32,38.3
C16,C33,8.79
C16,D,173.95
C16,E36,17.1
C16,E37-39,130.35
C16,F,25.99
C16,G45,13.45
C16,G46,907.08
C16,G47,80.91
C16,H49,99.77
C16,H50,1.32
C16,H51,4.38
C16,H52,178.95
C16,H53,3.55
C16,I,42.33
C16,J58,1.88
C16,J59_60,12.41
C16,J61,13.17
C16,J62_63,35.78
C16,K64,92.4
C16,K65,24.47
C16,K66,12.02
C16,L68B,99.01
C16,L68A,0
C16,M69_70,262.12
C16,M71,66.53
C16,M72,0
C16,M73,13.84
C16,M74_75,5.47
C16,N77,29.05
C16,N78,172.21
C16,N79,4.82
C16,N80-82,105.93
C16,O,0
C16,P,21.27
C16,Q86,0.6
C16,Q87_88,0
C16,R90-92,0.04
C16,R93,5.21
C16,S94,5.08
C16,S95,7.74
C16,S96,0.93
C16,T,0
C16,HH,2371.85
C17,A01,0
C17,A02,99.62
C17,A03,0
C17,B,80.32
C17,C10-12,96.57
C17,C13-15,298.03
C17,C16,167.93
C17,C17,1595.83
C17,C18,107.89
C17,C19,74.54
C17,C20,374.86
C17,C21,0.09
C17,C22,190.44
C17,C23,39.34
C17,C24,29.94
C17,C25,246.43
C17,C26,18.26
C17,C27,41.38
C17,C28,38.22
C17,C29,3.91
C17,C30,0.19
C17,C31_32,18.31
C17,C33,26.36
C17,D,1138.99
C17,E36,41.46
C17,E37-39,581.47
C17,F,49.97
C17,G45,20.35
C17,G46,754.78
C17,G47,67.61
C17,H49,202.7
C17,H50,2.53
C17,H51,8.37
C17,H52,404.96
C17,H53,12.87
C17,I,43.39
C17,J58,3.66
C17,J59_60,16.61
C17,J61,34.97
C17,J62_63,62.01
C17,K64,237.53
C17,K65,48.46
C17,K66,25.11
C17,L68B,163.7
C17,L68A,0
C17,M69_70,575.45
C17,M71,69.86
C17,M72,0
C17,M73,37.6
C17,M74_75,17.9
C17,N77,127.74
C17,N78,298
C17,N79,18.45
C17,N80-82,270.38
C17,O,0
C17,P,52.63
C17,Q86,3.56
C17,Q87_88,0
C17,R90-92,0
C17,R93,7.7
C17,S94,9.74
C17,S95,10.6
C17,S96,10.66
C17,T,0
C17,HH,3044
C18,A01,0
C18,A02,32.36
C18,A03,0
C18,B,20.94
C18,C10-12,6.42
C18,C13-15,13.95
C18,C16,45
C18,C17,911.36
C18,C18,428.11
C18,C19,29.37
C18,C20,256.24
C18,C21,0
C18,C22,101.73
C18,C23,10.18
C18,C24,4.82
C18,C25,44.66
C18,C26,2.41
C18,C27,5.28
C18,C28,8.63
C18,C29,0.7
C18,C30,0
C18,C31_32,5.01
C18,C33,5.96
C18,D,122.49
C18,E36,13.03
C18,E37-39,46.61
C18,F,10.24
C18,G45,12.65
C18,G46,437.63
C18,G47,36.28
C18,H49,88.91
C18,H50,1.01
C18,H51,4.45
C18,H52,202.5
C18,H53,20.92
C18,I,28.03
C18,J58,1.07
C18,J59_60,12.36
C18,J61,49.73
C18,J62_63,58.8
C18,K64,129.28
C18,K65,27.48
C18,K66,13.01
C18,L68B,115.63
C18,L68A,0
C18,M69_70,381.95
C18,M71,33.67
C18,M72,0
C18,M73,233.41
C18,M74_75,8.82
C18,N77,70.69
C18,N78,185
C18,N79,2.7
C18,N80-82,140.26
C18,O,0
C18,P,13.16
C18,Q86,2.59
C18,Q87_88,0
C18,R90-92,0.82
C18,R93,3.85
C18,S94,11.37
C18,S95,4.13
C18,S96,5.09
C18,T,0
C18,HH,3279
C19,A01,0
C19,A02,0
C19,A03,0
C19,B,378.68
C19,C10-12,68.43
C19,C13-15,10.89
C19,C16,1.7
C19,C17,25.41
C19,C18,9.37
C19,C19,1589.21
C19,C20,568.79
C19,C21,0.73
C19,C22,722.74
C19,C23,28.81
C19,C24,86.87
C19,C25,587.61
C19,C26,42.36
C19,C27,69.79
C19,C28,84.49
C19,C29,24.96
C19,C30,0.13
C19,C31_32,10.71
C19,C33,104.52
C19,D,989.12
C19,E36,114.12
C19,E37-39,584.14
C19,F,429.61
C19,G45,32.72
C19,G46,1309.77
C19,G47,89.3
C19,H49,284.58
C19,H50,2.32
C19,H51,30.71
C19,H52,920.37
C19,H53,14.27
C19,I,153.84
C19,J58,15
C19,J59_60,42.84
C19,J61,122.1
C19,J62_63,262.58
C19,K64,265.18
C19,K65,106.76
C19,K66,112.01
C19,L68B,201.93
C19,L68A,0
C19,M69_70,1000.98
C19,M71,167.61
C19,M72,0
C19,M73,128
C19,M74_75,34.74
C19,N77,342.23
C19,N78,23
C19,N79,62.4
C19,N80-82,462.91
C19,O,0
C19,P,137.54
C19,Q86,20.67
C19,Q87_88,0
C19,R90-92,1.21
C19,R93,22.74
C19,S94,165.23
C19,S95,10.67
C19,S96,41.37
C19,T,0
C19,HH,801
C20,A01,32.29
C20,A02,9.76
C20,A03,3.88
C20,B,835.09
C20,C10-12,1480.98
C20,C13-15,92.73
C20,C16,42.22
C20,C17,334.97
C20,C18,81.46
C20,C19,3328.36
C20,C20,5571.53
C20,C21,55.29
C20,C22,844.2
C20,C23,274.46
C20,C24,107.4
C20,C25,682.99
C20,C26,28.51
C20,C27,68.44
C20,C28,90.04
C20,C29,15.19
C20,C30,0.55
C20,C31_32,23.96
C20,C33,190.55
C20,D,2754.56
C20,E36,125.64
C20,E37-39,499.55
C20,F,95.58
C20,G45,41.76
C20,G46,2863.53
C20,G47,252.27
C20,H49,784.11
C20,H50,9.29
C20,H51,52.37
C20,H52,700.99
C20,H53,133.22
C20,I,213.24
C20,J58,17.02
C20,J59_60,89.78
C20,J61,148.85
C20,J62_63,228.05
C20,K64,473.39
C20,K65,182.36
C20,K66,151.03
C20,L68B,364.61
C20,L68A,0
C20,M69_70,915.85
C20,M71,214.62
C20,M72,0
C20,M73,962.71
C20,M74_75,35.56
C20,N77,250.66
C20,N78,638.46
C20,N79,55.94
C20,N80-82,506.07
C20,O,0
C20,P,225.52
C20,Q86,12.7
C20,Q87_88,0
C20,R90-92,0.06
C20,R93,28.11
C20,S94,125.58
C20,S95,12.35
C20,S96,39.62
C20,T,0
C20,HH,8149.76
C21,A01,0
C21,A02,0
C21,A03,0
C21,B,20.22
C21,C10-12,253.2
C21,C13-15,44.48
C21,C16,36.18
C21,C17,229.34
C21,C18,38.31
C21,C19,31.8
C21,C20,847.85
C21,C21,506.67
C21,C22,172.97
C21,C23,103.54
C21,C24,41.84
C21,C25,76.89
C21,C26,2.2
C21,C27,4.94
C21,C28,9.71
C21,C29,0.53
C21,C30,0
C21,C31_32,20.02
C21,C33,15.33
C21,D,230.24
C21,E36,8.63
C21,E37-39,166.68
C21,F,24.3
C21,G45,3.98
C21,G46,1475.99
C21,G47,113.03
C21,H49,176.63
C21,H50,1.83
C21,H51,22.77
C21,H52,217.6
C21,H53,19.03
C21,I,118.79
C21,J58,5.5
C21,J59_60,44.51
C21,J61,88.09
C21,J62_63,85.81
C21,K64,169.25
C21,K65,81.54
C21,K66,17.52
C21,L68B,271.14
C21,L68A,0
C21,M69_70,652.08
C21,M71,144.83
C21,M72,0
C21,M73,725.58
C21,M74_75,15.12
C21,N77,130.82
C21,N78,325.01
C21,N79,12.93
C21,N80-82,236.88
C21,O,0
C21,P,107.32
C21,Q86,2.66
C21,Q87_88,0
C21,R90-92,0.84
C21,R93,17.79
C21,S94,23.38
C21,S95,10.6
C21,S96,13.95
C21,T,0
C21,HH,3827.89
C22,A01,334.7
C22,A02,0
C22,A03,0
C22,B,35.2
C22,C10-12,61.05
C22,C13-15,78.62
C22,C16,54.4
C22,C17,181.62
C22,C18,46.89
C22,C19,46.77
C22,C20,3276.16
C22,C21,1.28
C22,C22,1397.37
C22,C23,86.35
C22,C24,113.06
C22,C25,211.83
C22,C26,19.3
C22,C27,22.84
C22,C28,81.1
C22,C29,2.65
C22,C30,0.28
C22,C31_32,5.38
C22,C33,29.52
C22,D,282.94
C22,E36,27.21
C22,E37-39,104.62
C22,F,62.62
C22,G45,17.76
C22,G46,1195.84
C22,G47,98.73
C22,H49,270.41
C22,H50,3.39
C22,H51,14.79
C22,H52,248.84
C22,H53,10.12
C22,I,101.91
C22,J58,5.56
C22,J59_60,25.15
C22,J61,36.04
C22,J62_63,88.86
C22,K64,162.38
C22,K65,44.42
C22,K66,10.24
C22,L68B,124.67
C22,L68A,0
C22,M69_70,955.86
C22,M71,83.2
C22,M72,0
C22,M73,70.37
C22,M74_75,16.38
C22,N77,200
C22,N78,813
C22,N79,14.04
C22,N80-82,236.63
C22,O,0
C22,P,121.76
C22,Q86,5.4
C22,Q87_88,0
C22,R90-92,0
C22,R93,14.04
C22,S94,17.9
C22,S95,4.32
C22,S96,28.24
C22,T,0
C22,HH,7509
C23,A01,0
C23,A02,0
C23,A03,0
C23,B,757.17
C23,C10-12,39.24
C23,C13-15,24.11
C23,C16,199.13
C23,C17,110.11
C23,C18,28.35
C23,C19,191.22
C23,C20,156.07
C23,C21,0.17
C23,C22,123.47
C23,C23,2161.02
C23,C24,235.45
C23,C25,191.02
C23,C26,20.53
C23,C27,26.09
C23,C28,68.54
C23,C29,13
C23,C30,0.36
C23,C31_32,21.8
C23,C33,50.05
C23,D,1074.32
C23,E36,24.28
C23,E37-39,384.82
C23,F,63.78
C23,G45,76.72
C23,G46,1547.93
C23,G47,121.19
C23,H49,294.42
C23,H50,3.45
C23,H51,20.16
C23,H52,562.46
C23,H53,15.76
C23,I,115.01
C23,J58,2.79
C23,J59_60,22.85
C23,J61,49.92
C23,J62_63,59.34
C23,K64,173.82
C23,K65,79.64
C23,K66,38.72
C23,L68B,239.6
C23,L68A,0
C23,M69_70,761.38
C23,M71,148.85
C23,M72,0
C23,M73,27.92
C23,M74_75,21.38
C23,N77,291.99
C23,N78,656
C23,N79,128.54
C23,N80-82,317.67
C23,O,0
C23,P,90.62
C23,Q86,3.24
C23,Q87_88,0
C23,R90-92,0.84
C23,R93,15.95
C23,S94,47.72
C23,S95,12.76
C23,S96,17.7
C23,T,0
C23,HH,4888
C24,A01,0
C24,A02,0
C24,A03,0
C24,B,193.63
C24,C10-12,72.61
C24,C13-15,28.76
C24,C16,62.87
C24,C17,11.89
C24,C18,12.75
C24,C19,170.89
C24,C20,235.39
C24,C21,0.19
C24,C22,133.8
C24,C23,174.9
C24,C24,3153.84
C24,C25,1022.65
C24,C26,43.54
C24,C27,91.52
C24,C28,108.53
C24,C29,10.36
C24,C30,7.63
C24,C31_32,3.89
C24,C33,151.79
C24,D,2152.53
C24,E36,101.34
C24,E37-39,2725.73
C24,F,129.05
C24,G45,58.5
C24,G46,1706.18
C24,G47,146.05
C24,H49,203.84
C24,H50,2.59
C24,H51,13.6
C24,H52,685.13
C24,H53,14.24
C24,I,165.19
C24,J58,3.94
C24,J59_60,32.02
C24,J61,44.07
C24,J62_63,72.3
C24,K64,281.92
C24,K65,67.51
C24,K66,18.54
C24,L68B,375.95
C24,L68A,0
C24,M69_70,1048.25
C24,M71,175.58
C24,M72,0
C24,M73,26
C24,M74_75,39.82
C24,N77,299.76
C24,N78,614
C24,N79,83.44
C24,N80-82,557.37
C24,O,0
C24,P,73.69
C24,Q86,13.19
C24,Q87_88,0
C24,R90-92,0.94
C24,R93,23.37
C24,S94,32.99
C24,S95,2.22
C24,S96,30.04
C24,T,0
C24,HH,4315
C25,A01,0.01
C25,A02,0
C25,A03,0
C25,B,80.94
C25,C10-12,64.08
C25,C13-15,21.16
C25,C16,76.42
C25,C17,37.56
C25,C18,19.41
C25,C19,68.76
C25,C20,386.4
C25,C21,0.1
C25,C22,440.65
C25,C23,219.56
C25,C24,2738.4
C25,C25,6194.59
C25,C26,72.51
C25,C27,193.03
C25,C28,196.12
C25,C29,16.26
C25,C30,3.48
C25,C31_32,16.81
C25,C33,506.94
C25,D,503.7
C25,E36,75.38
C25,E37-39,379.16
C25,F,173.23
C25,G45,15.05
C25,G46,2387.99
C25,G47,203.59
C25,H49,242.53
C25,H50,2.73
C25,H51,17.88
C25,H52,460.35
C25,H53,20.51
C25,I,171.2
C25,J58,6.27
C25,J59_60,46.42
C25,J61,83.49
C25,J62_63,128.61
C25,K64,317.85
C25,K65,88.65
C25,K66,34.13
C25,L68B,206.23
C25,L68A,0
C25,M69_70,1053.21
C25,M71,226.7
C25,M72,0
C25,M73,63.1
C25,M74_75,45.62
C25,N77,354.44
C25,N78,924.11
C25,N79,28.11
C25,N80-82,570.31
C25,O,0
C25,P,143.41
C25,Q86,9.18
C25,Q87_88,0
C25,R90-92,0.94
C25,R93,22.45
C25,S94,20.69
C25,S95,14.43
C25,S96,23.58
C25,T,0
C25,HH,14168.05
C26,A01,0.01
C26,A02,0.01
C26,A03,0
C26,B,13.85
C26,C10-12,28.9
C26,C13-15,48.74
C26,C16,37.14
C26,C17,64.25
C26,C18,27.07
C26,C19,27.6
C26,C20,77.03
C26,C21,0.2
C26,C22,524.73
C26,C23,195.98
C26,C24,264.62
C26,C25,808.88
C26,C26,693.74
C26,C27,267.75
C26,C28,131.75
C26,C29,9.1
C26,C30,0.41
C26,C31_32,40.34
C26,C33,256.57
C26,D,223.83
C26,E36,27.4
C26,E37-39,99.02
C26,F,79.43
C26,G45,12.91
C26,G46,1424.14
C26,G47,124.15
C26,H49,137.21
C26,H50,1.35
C26,H51,8.28
C26,H52,230.24
C26,H53,15.98
C26,I,84.56
C26,J58,9.32
C26,J59_60,68.81
C26,J61,58.63
C26,J62_63,297.94
C26,K64,198.15
C26,K65,71.1
C26,K66,38.87
C26,L68B,122.06
C26,L68A,0
C26,M69_70,477.26
C26,M71,223.91
C26,M72,0.04
C26,M73,92.54
C26,M74_75,12.27
C26,N77,76.06
C26,N78,446.36
C26,N79,23.51
C26,N80-82,144.08
C26,O,0
C26,P,116.82
C26,Q86,3.18
C26,Q87_88,0
C26,R90-92,0.06
C26,R93,11.67
C26,S94,3.53
C26,S95,47.37
C26,S96,7.32
C26,T,0
C26,HH,6615.5
C27,A01,0.01
C27,A02,0
C27,A03,0
C27,B,16.02
C27,C10-12,31.45
C27,C13-15,27.19
C27,C16,27.06
C27,C17,61.35
C27,C18,15.66
C27,C19,29.09
C27,C20,238.72
C27,C21,0.19
C27,C22,686.1
C27,C23,90.94
C27,C24,632.05
C27,C25,1316.5
C27,C26,358.36
C27,C27,523.21
C27,C28,99.91
C27,C29,7.31
C27,C30,0
C27,C31_32,25.18
C27,C33,127.8
C27,D,171.91
C27,E36,17.87
C27,E37-39,85.12
C27,F,75.19
C27,G45,7.93
C27,G46,1343.76
C27,G47,120.64
C27,H49,124.74
C27,H50,1.57
C27,H51,13.86
C27,H52,183.73
C27,H53,12.46
C27,I,63.98
C27,J58,3.7
C27,J59_60,28.74
C27,J61,70.83
C27,J62_63,75.39
C27,K64,127.9
C27,K65,62.64
C27,K66,28.72
C27,L68B,44.88
C27,L68A,0
C27,M69_70,276.94
C27,M71,172.25
C27,M72,0
C27,M73,80.2
C27,M74_75,12.11
C27,N77,85.09
C27,N78,595.21
C27,N79,22.93
C27,N80-82,146.1
C27,O,0
C27,P,93.99
C27,Q86,3.47
C27,Q87_88,0
C27,R90-92,0.04
C27,R93,8.6
C27,S94,21.11
C27,S95,42.77
C27,S96,7.32
C27,T,0
C27,HH,4975.85
C28,A01,0.01
C28,A02,0.9
C28,A03,0
C28,B,15.87
C28,C10-12,41.83
C28,C13-15,48.77
C28,C16,55.12
C28,C17,46.19
C28,C18,19.92
C28,C19,60.94
C28,C20,176.28
C28,C21,0.17
C28,C22,609.65
C28,C23,168.35
C28,C24,1383.55
C28,C25,2301.97
C28,C26,227.85
C28,C27,270.82
C28,C28,634.56
C28,C29,301.7
C28,C30,3.21
C28,C31_32,77.08
C28,C33,542.22
C28,D,220.11
C28,E36,34.55
C28,E37-39,140.55
C28,F,428.95
C28,G45,80.81
C28,G46,2215.64
C28,G47,198.58
C28,H49,201.87
C28,H50,2.21
C28,H51,13
C28,H52,319.95
C28,H53,21.57
C28,I,127.03
C28,J58,6.51
C28,J59_60,44.49
C28,J61,120.3
C28,J62_63,122.68
C28,K64,233.72
C28,K65,79.33
C28,K66,86.79
C28,L68B,194.92
C28,L68A,0
C28,M69_70,830.64
C28,M71,239.41
C28,M72,0
C28,M73,40.12
C28,M74_75,23.83
C28,N77,205.81
C28,N78,708.21
C28,N79,22.74
C28,N80-82,279.37
C28,O,0
C28,P,138.68
C28,Q86,7.22
C28,Q87_88,0
C28,R90-92,0.04
C28,R93,18.37
C28,S94,25.07
C28,S95,110.62
C28,S96,22.84
C28,T,0
C28,HH,7975.85
C29,A01,0
C29,A02,0
C29,A03,0
C29,B,23.43
C29,C10-12,80.01
C29,C13-15,288.39
C29,C16,367.22
C29,C17,51.41
C29,C18,29.25
C29,C19,107.44
C29,C20,417.12
C29,C21,0.19
C29,C22,1980.9
C29,C23,468.07
C29,C24,2243.26
C29,C25,3594
C29,C26,329.64
C29,C27,385.13
C29,C28,958.27
C29,C29,3577.68
C29,C30,47.61
C29,C31_32,208.61
C29,C33,1645.38
C29,D,543.05
C29,E36,23.24
C29,E37-39,333.05
C29,F,164.01
C29,G45,2530.29
C29,G46,3245.94
C29,G47,511.01
C29,H49,485.95
C29,H50,6.31
C29,H51,27.46
C29,H52,571.83
C29,H53,26.79
C29,I,131.76
C29,J58,6.36
C29,J59_60,39.03
C29,J61,88.27
C29,J62_63,67.15
C29,K64,342.54
C29,K65,65.44
C29,K66,21.89
C29,L68B,102.3
C29,L68A,0
C29,M69_70,607.96
C29,M71,275.12
C29,M72,0
C29,M73,971.64
C29,M74_75,12.83
C29,N77,176.19
C29,N78,796
C29,N79,32.06
C29,N80-82,195.24
C29,O,0
C29,P,343.16
C29,Q86,12.94
C29,Q87_88,0
C29,R90-92,0
C29,R93,19.45
C29,S94,12.4
C29,S95,459.77
C29,S96,25.22
C29,T,0
C29,HH,7507
C30,A01,0
C30,A02,0
C30,A03,0
C30,B,21.77
C30,C10-12,8.71
C30,C13-15,84.36
C30,C16,87.61
C30,C17,26.63
C30,C18,14.34
C30,C19,14.36
C30,C20,125.07
C30,C21,0.17
C30,C22,371.06
C30,C23,75.93
C30,C24,330.25
C30,C25,1033.89
C30,C26,620.13
C30,C27,143.44
C30,C28,323.55
C30,C29,46.32
C30,C30,3690.96
C30,C31_32,72.29
C30,C33,3163.82
C30,D,162.94
C30,E36,28.03
C30,E37-39,67.17
C30,F,190.02
C30,G45,84.42
C30,G46,1734.81
C30,G47,137.68
C30,H49,167.53
C30,H50,2.15
C30,H51,22.45
C30,H52,344.09
C30,H53,21.14
C30,I,173.94
C30,J58,11.12
C30,J59_60,103.6
C30,J61,104.76
C30,J62_63,189.03
C30,K64,239.34
C30,K65,96.4
C30,K66,53.92
C30,L68B,302.83
C30,L68A,0
C30,M69_70,912.21
C30,M71,636.73
C30,M72,0
C30,M73,32.28
C30,M74_75,33.87
C30,N77,248.71
C30,N78,598.05
C30,N79,34.87
C30,N80-82,365.49
C30,O,0
C30,P,159.07
C30,Q86,7.29
C30,Q87_88,0
C30,R90-92,0
C30,R93,24.58
C30,S94,51.72
C30,S95,67.54
C30,S96,22.29
C30,T,0
C30,HH,5848
C31_32,A01,0.01
C31_32,A02,0.02
C31_32,A03,0
C31_32,B,14.38
C31_32,C10-12,59.04
C31_32,C13-15,178.19
C31_32,C16,736.04
C31_32,C17,84.67
C31_32,C18,19.77
C31_32,C19,33.47
C31_32,C20,205.76
C31_32,C21,5.44
C31_32,C22,220.69
C31_32,C23,123.98
C31_32,C24,107.46
C31_32,C25,247.29
C31_32,C26,50.3
C31_32,C27,40.19
C31_32,C28,50.64
C31_32,C29,3.75
C31_32,C30,1.03
C31_32,C31_32,318.64
C31_32,C33,34.1
C31_32,D,58.14
C31_32,E36,12.52
C31_32,E37-39,68.15
C31_32,F,43.75
C31_32,G45,13.77
C31_32,G46,1217.31
C31_32,G47,107.07
C31_32,H49,117.55
C31_32,H50,1.11
C31_32,H51,7.8
C31_32,H52,133.2
C31_32,H53,13.44
C31_32,I,71.51
C31_32,J58,3.63
C31_32,J59_60,29.1
C31_32,J61,45.06
C31_32,J62_63,52.71
C31_32,K64,138.83
C31_32,K65,52.11
C31_32,K66,22.86
C31_32,L68B,97.11
C31_32,L68A,0
C31_32,M69_70,401.07
C31_32,M71,81.8
C31_32,M72,0
C31_32,M73,307.92
C31_32,M74_75,10.68
C31_32,N77,75.29
C31_32,N78,237.62
C31_32,N79,8.94
C31_32,N80-82,140.17
C31_32,O,0
C31_32,P,53.33
C31_32,Q86,3.17
C31_32,Q87_88,0
C31_32,R90-92,0.05
C31_32,R93,10.67
C31_32,S94,11.71
C31_32,S95,146.2
C31_32,S96,7.51
C31_32,T,0
C31_32,HH,4698.94
C33,A01,0.01
C33,A02,0.01
C33,A03,0
C33,B,31.17
C33,C10-12,66.39
C33,C13-15,107.69
C33,C16,37.82
C33,C17,43.5
C33,C18,17.8
C33,C19,68.23
C33,C20,193.86
C33,C21,0.08
C33,C22,819.69
C33,C23,181.17
C33,C24,1243
C33,C25,2177.45
C33,C26,214.03
C33,C27,161.52
C33,C28,734.68
C33,C29,90.94
C33,C30,35.92
C33,C31_32,250.73
C33,C33,5319.25
C33,D,93.54
C33,E36,35.54
C33,E37-39,127.83
C33,F,166.86
C33,G45,41.11
C33,G46,2445.66
C33,G47,219.65
C33,H49,193.89
C33,H50,2.2
C33,H51,9.46
C33,H52,267.66
C33,H53,18.12
C33,I,107.68
C33,J58,5.98
C33,J59_60,24.43
C33,J61,68.21
C33,J62_63,92.12
C33,K64,177.72
C33,K65,52.95
C33,K66,27.65
C33,L68B,93.82
C33,L68A,0
C33,M69_70,571.45
C33,M71,183.65
C33,M72,8.25
C33,M73,74.41
C33,M74_75,16.63
C33,N77,145.43
C33,N78,734.28
C33,N79,18.17
C33,N80-82,195.93
C33,O,0
C33,P,168.18
C33,Q86,6.49
C33,Q87_88,0
C33,R90-92,0.07
C33,R93,15.83
C33,S94,12.78
C33,S95,170.94
C33,S96,15.53
C33,T,0
C33,HH,15986.54
D,A01,0
D,A02,0.02
D,A03,10.98
D,B,181.77
D,C10-12,32.86
D,C13-15,4.62
D,C16,2.28
D,C17,14.4
D,C18,10.57
D,C19,357.47
D,C20,1630.28
D,C21,0.33
D,C22,218.62
D,C23,190.42
D,C24,23.32
D,C25,354.62
D,C26,70.21
D,C27,114.65
D,C28,178.08
D,C29,18.36
D,C30,0.42
D,C31_32,3.9
D,C33,69.86
D,D,42287.13
D,E36,129.61
D,E37-39,435.11
D,F,1373.29
D,G45,14.83
D,G46,1273.18
D,G47,110.02
D,H49,716.49
D,H50,9.34
D,H51,27.09
D,H52,319.43
D,H53,81.73
D,I,162.69
D,J58,22.75
D,J59_60,200
D,J61,262.15
D,J62_63,401.77
D,K64,500.32
D,K65,85.43
D,K66,68.52
D,L68B,200.15
D,L68A,0
D,M69_70,1301.41
D,M71,332.81
D,M72,0
D,M73,85.07
D,M74_75,76.68
D,N77,620.52
D,N78,274.38
D,N79,15.79
D,N80-82,1055.96
D,O,0
D,P,376.76
D,Q86,17.53
D,Q87_88,0
D,R90-92,1.93
D,R93,24.71
D,S94,21.41
D,S95,3.59
D,S96,179.21
D,T,0
D,HH,10490.84
E36,A01,7.65
E36,A02,0.51
E36,A03,0
E36,B,16.94
E36,C10-12,20.23
E36,C13-15,1.96
E36,C16,3.81
E36,C17,15.1
E36,C18,11.12
E36,C19,42.91
E36,C20,44.18
E36,C21,0.19
E36,C22,9.09
E36,C23,28.83
E36,C24,39.63
E36,C25,153.71
E36,C26,5.14
E36,C27,22.41
E36,C28,64.66
E36,C29,4.79
E36,C30,4.3
E36,C31_32,5.13
E36,C33,29.32
E36,D,230.77
E36,E36,1276.28
E36,E37-39,557.41
E36,F,294.67
E36,G45,11.73
E36,G46,285.09
E36,G47,18.7
E36,H49,64.76
E36,H50,0.29
E36,H51,3.01
E36,H52,118.53
E36,H53,18.31
E36,I,51.98
E36,J58,11.13
E36,J59_60,51.09
E36,J61,32.77
E36,J62_63,102.73
E36,K64,666.03
E36,K65,24.65
E36,K66,35
E36,L68B,58.2
E36,L68A,0
E36,M69_70,378.52
E36,M71,101.42
E36,M72,0
E36,M73,2.08
E36,M74_75,14.88
E36,N77,170.94
E36,N78,194.99
E36,N79,10.19
E36,N80-82,617.45
E36,O,0
E36,P,19.41
E36,Q86,4.24
E36,Q87_88,0
E36,R90-92,0.83
E36,R93,8.11
E36,S94,49.89
E36,S95,1.49
E36,S96,8.78
E36,T,0
E36,HH,1650.29
E37-39,A01,0.49
E37-39,A02,4.13
E37-39,A03,0.76
E37-39,B,10.73
E37-39,C10-12,95.37
E37-39,C13-15,26.44
E37-39,C16,59.18
E37-39,C17,144.29
E37-39,C18,56.77
E37-39,C19,221.09
E37-39,C20,53.77
E37-39,C21,1.41
E37-39,C22,90.46
E37-39,C23,174.12
E37-39,C24,416.08
E37-39,C25,309.01
E37-39,C26,13.95
E37-39,C27,13.99
E37-39,C28,94.79
E37-39,C29,72.68
E37-39,C30,33.94
E37-39,C31_32,17.51
E37-39,C33,113.93
E37-39,D,296.47
E37-39,E36,55.58
E37-39,E37-39,6093.4
E37-39,F,325.63
E37-39,G45,106.59
E37-39,G46,562.49
E37-39,G47,55.2
E37-39,H49,304.7
E37-39,H50,0.94
E37-39,H51,16.15
E37-39,H52,188.24
E37-39,H53,95.01
E37-39,I,139.69
E37-39,J58,68.17
E37-39,J59_60,26.22
E37-39,J61,105.94
E37-39,J62_63,103.39
E37-39,K64,275.94
E37-39,K65,76.35
E37-39,K66,13.84
E37-39,L68B,198.25
E37-39,L68A,0
E37-39,M69_70,600.68
E37-39,M71,191.02
E37-39,M72,0
E37-39,M73,103.17
E37-39,M74_75,76.12
E37-39,N77,364.18
E37-39,N78,561.81
E37-39,N79,8.27
E37-39,N80-82,1668.31
E37-39,O,0
E37-39,P,85.33
E37-39,Q86,14.94
E37-39,Q87_88,0
E37-39,R90-92,7.59
E37-39,R93,22.58
E37-39,S94,53.37
E37-39,S95,7.91
E37-39,S96,4.15
E37-39,T,0
E37-39,HH,10635.36
F,A01,0.01
F,A02,270.53
F,A03,66.21
F,B,1119.37
F,C10-12,289.9
F,C13-15,300.87
F,C16,3127.95
F,C17,237.43
F,C18,72.91
F,C19,1221.49
F,C20,998.62
F,C21,0.78
F,C22,3144.59
F,C23,10226.48
F,C24,2292.65
F,C25,10548.24
F,C26,417.41
F,C27,1188.27
F,C28,1175.43
F,C29,37.03
F,C30,2.43
F,C31_32,147.86
F,C33,2221.04
F,D,278.1
F,E36,205.95
F,E37-39,1178.07
F,F,38619.79
F,G45,114.53
F,G46,10886.96
F,G47,1011.38
F,H49,1294.85
F,H50,15.39
F,H51,83.57
F,H52,1912.69
F,H53,124.62
F,I,372.16
F,J58,39.47
F,J59_60,307.96
F,J61,608.41
F,J62_63,675.48
F,K64,3451.09
F,K65,533.82
F,K66,386.05
F,L68B,806.41
F,L68A,0
F,M69_70,6922.98
F,M71,4839.43
F,M72,4.34
F,M73,271.52
F,M74_75,196.1
F,N77,2377.88
F,N78,5722.05
F,N79,90.58
F,N80-82,2936.14
F,O,0
F,P,478.81
F,Q86,69.09
F,Q87_88,0
F,R90-92,1.34
F,R93,43.28
F,S94,102.07
F,S95,92.95
F,S96,308.51
F,T,0
F,HH,67575.34
G45,A01,0
G45,A02,0
G45,A03,0
G45,B,11.83
G45,C10-12,131.08
G45,C13-15,65.9
G45,C16,31.61
G45,C17,31.37
G45,C18,73
G45,C19,146.94
G45,C20,93.31
G45,C21,0.1
G45,C22,253.81
G45,C23,103.1
G45,C24,15.52
G45,C25,221.3
G45,C26,43.44
G45,C27,48.04
G45,C28,161.77
G45,C29,1396.86
G45,C30,9.89
G45,C31_32,26.48
G45,C33,857.39
G45,D,319.59
G45,E36,45.55
G45,E37-39,197.09
G45,F,122.22
G45,G45,932.4
G45,G46,603.65
G45,G47,111.84
G45,H49,799.94
G45,H50,1.49
G45,H51,25.96
G45,H52,619.51
G45,H53,133.22
G45,I,212.02
G45,J58,14.31
G45,J59_60,134.64
G45,J61,391.5
G45,J62_63,184.89
G45,K64,597.8
G45,K65,146.45
G45,K66,27.71
G45,L68B,736.28
G45,L68A,0
G45,M69_70,1202.37
G45,M71,211.74
G45,M72,0
G45,M73,50.49
G45,M74_75,70.79
G45,N77,459.85
G45,N78,203
G45,N79,63.88
G45,N80-82,907.94
G45,O,0
G45,P,169.86
G45,Q86,9.07
G45,Q87_88,0
G45,R90-92,0.95
G45,R93,29.15
G45,S94,184.46
G45,S95,13.23
G45,S96,35.59
G45,T,0
G45,HH,17883
G46,A01,0
G46,A02,1.06
G46,A03,0
G46,B,6.75
G46,C10-12,875.22
G46,C13-15,388.34
G46,C16,129.25
G46,C17,135.04
G46,C18,529.4
G46,C19,1454.68
G46,C20,312.94
G46,C21,2.31
G46,C22,745.3
G46,C23,212.22
G46,C24,17.29
G46,C25,40.58
G46,C26,116.43
G46,C27,186.07
G46,C28,127.42
G46,C29,275.77
G46,C30,4.23
G46,C31_32,90.2
G46,C33,841.2
G46,D,1063.41
G46,E36,216.51
G46,E37-39,539.61
G46,F,185.76
G46,G45,815.88
G46,G46,12758.31
G46,G47,152.53
G46,H49,10151.91
G46,H50,3.13
G46,H51,156.93
G46,H52,5317.32
G46,H53,876.25
G46,I,3779.39
G46,J58,101.14
G46,J59_60,819.72
G46,J61,3241.8
G46,J62_63,1415.5
G46,K64,6208.36
G46,K65,956.1
G46,K66,136.89
G46,L68B,10731.73
G46,L68A,0
G46,M69_70,11177.8
G46,M71,446.91
G46,M72,0
G46,M73,329
G46,M74_75,605.37
G46,N77,3167.27
G46,N78,1493
G46,N79,597.04
G46,N80-82,6590.12
G46,O,0
G46,P,678.68
G46,Q86,35.89
G46,Q87_88,0
G46,R90-92,0.88
G46,R93,546.46
G46,S94,437.91
G46,S95,20.1
G46,S96,216.68
G46,T,0
G46,HH,56199
G47,A01,0
G47,A02,0
G47,A03,0
G47,B,17.35
G47,C10-12,586.27
G47,C13-15,152.41
G47,C16,52.58
G47,C17,336.48
G47,C18,628.66
G47,C19,506.69
G47,C20,195.88
G47,C21,0.47
G47,C22,1050.6
G47,C23,210.09
G47,C24,36.41
G47,C25,194.13
G47,C26,48.56
G47,C27,131.19
G47,C28,89.88
G47,C29,164.55
G47,C30,3.99
G47,C31_32,137.81
G47,C33,361.34
G47,D,1307.92
G47,E36,204.6
G47,E37-39,607.16
G47,F,173.7
G47,G45,275.22
G47,G46,3170.24
G47,G47,112.14
G47,H49,3383.75
G47,H50,2.6
G47,H51,149.2
G47,H52,1517.41
G47,H53,585.01
G47,I,2379.06
G47,J58,85.79
G47,J59_60,662.23
G47,J61,1778.24
G47,J62_63,763.18
G47,K64,3686.62
G47,K65,549.32
G47,K66,131.84
G47,L68B,5561.37
G47,L68A,0
G47,M69_70,3909.02
G47,M71,277.64
G47,M72,0
G47,M73,2817.31
G47,M74_75,180.8
G47,N77,1138.25
G47,N78,967
G47,N79,379.77
G47,N80-82,2410.7
G47,O,0
G47,P,537.72
G47,Q86,27.76
G47,Q87_88,0
G47,R90-92,3.73
G47,R93,338.58
G47,S94,34.55
G47,S95,70.52
G47,S96,131.45
G47,T,0
G47,HH,49798
H49,A01,0
H49,A02,0.23
H49,A03,0
H49,B,1.49
H49,C10-12,47.8
H49,C13-15,6.68
H49,C16,2.38
H49,C17,15.24
H49,C18,12.1
H49,C19,3583.13
H49,C20,16.72
H49,C21,0.23
H49,C22,161.57
H49,C23,72.89
H49,C24,7.91
H49,C25,129.93
H49,C26,2.9
H49,C27,18.35
H49,C28,52.76
H49,C29,92.99
H49,C30,109.18
H49,C31_32,2.81
H49,C33,142.62
H49,D,882.77
H49,E36,11.07
H49,E37-39,85.71
H49,F,99.05
H49,G45,1025.48
H49,G46,959.92
H49,G47,61.06
H49,H49,9905.22
H49,H50,3.31
H49,H51,21.01
H49,H52,5710.79
H49,H53,50.45
H49,I,721.54
H49,J58,10.53
H49,J59_60,73.05
H49,J61,97.33
H49,J62_63,148.45
H49,K64,1210.86
H49,K65,448.73
H49,K66,261.92
H49,L68B,900.26
H49,L68A,0
H49,M69_70,1244.14
H49,M71,164.65
H49,M72,0
H49,M73,158.54
H49,M74_75,67.25
H49,N77,925.32
H49,N78,1240.28
H49,N79,162.92
H49,N80-82,743.14
H49,O,0
H49,P,705.96
H49,Q86,18.39
H49,Q87_88,0
H49,R90-92,0.39
H49,R93,102.4
H49,S94,32.88
H49,S95,3.48
H49,S96,138.62
H49,T,0
H49,HH,28696.15
H50,A01,0
H50,A02,0
H50,A03,0
H50,B,0.67
H50,C10-12,54.63
H50,C13-15,12.28
H50,C16,8.47
H50,C17,13.2
H50,C18,5.82
H50,C19,585.36
H50,C20,13.52
H50,C21,0.09
H50,C22,32.9
H50,C23,4.95
H50,C24,2.67
H50,C25,11.59
H50,C26,2.09
H50,C27,3.34
H50,C28,11.52
H50,C29,9.86
H50,C30,43.41
H50,C31_32,0.36
H50,C33,22.65
H50,D,0
H50,E36,3.9
H50,E37-39,44.91
H50,F,98
H50,G45,15.75
H50,G46,272.01
H50,G47,14.01
H50,H49,54.51
H50,H50,513.99
H50,H51,15.7
H50,H52,2345.03
H50,H53,34.62
H50,I,284.42
H50,J58,4.49
H50,J59_60,45.85
H50,J61,58.6
H50,J62_63,97.75
H50,K64,107.09
H50,K65,291.62
H50,K66,81.4
H50,L68B,221.55
H50,L68A,0
H50,M69_70,781.88
H50,M71,114.34
H50,M72,0
H50,M73,6.73
H50,M74_75,50.35
H50,N77,325.59
H50,N78,210
H50,N79,82.94
H50,N80-82,553.37
H50,O,0
H50,P,21.7
H50,Q86,5.44
H50,Q87_88,0
H50,R90-92,0
H50,R93,40.35
H50,S94,25.85
H50,S95,0
H50,S96,18.69
H50,T,0
H50,HH,813
H51,A01,0
H51,A02,0
H51,A03,0
H51,B,2.91
H51,C10-12,153.59
H51,C13-15,4.78
H51,C16,2.65
H51,C17,1.11
H51,C18,7.28
H51,C19,1920.16
H51,C20,5.88
H51,C21,0.08
H51,C22,37.18
H51,C23,1.42
H51,C24,0.33
H51,C25,21.28
H51,C26,0.47
H51,C27,2.8
H51,C28,9.11
H51,C29,14.82
H51,C30,19.4
H51,C31_32,0
H51,C33,293.98
H51,D,12.77
H51,E36,8.54
H51,E37-39,47.63
H51,F,54.16
H51,G45,40.34
H51,G46,443.66
H51,G47,26.34
H51,H49,103.36
H51,H50,0.91
H51,H51,815.66
H51,H52,611.39
H51,H53,49.52
H51,I,121.51
H51,J58,6.37
H51,J59_60,58.56
H51,J61,33.02
H51,J62_63,63.65
H51,K64,150.84
H51,K65,127.64
H51,K66,45.72
H51,L68B,186.04
H51,L68A,0
H51,M69_70,399.67
H51,M71,51.26
H51,M72,0
H51,M73,89.86
H51,M74_75,23.39
H51,N77,155.17
H51,N78,285
H51,N79,79.21
H51,N80-82,215.43
H51,O,0
H51,P,347.07
H51,Q86,4.76
H51,Q87_88,0
H51,R90-92,0
H51,R93,16.78
H51,S94,0.87
H51,S95,0
H51,S96,31.17
H51,T,0
H51,HH,5004
H52,A01,0
H52,A02,0
H52,A03,0
H52,B,2.06
H52,C10-12,64.12
H52,C13-15,10.25
H52,C16,42.42
H52,C17,52.26
H52,C18,66.04
H52,C19,292.27
H52,C20,15.86
H52,C21,1.06
H52,C22,21.04
H52,C23,30.44
H52,C24,12.51
H52,C25,132.66
H52,C26,28.84
H52,C27,61.95
H52,C28,67.21
H52,C29,84.47
H52,C30,9.06
H52,C31_32,15.42
H52,C33,285.77
H52,D,237.93
H52,E36,39.25
H52,E37-39,122.73
H52,F,164.32
H52,G45,118.26
H52,G46,605.56
H52,G47,37.23
H52,H49,439.3
H52,H50,209.44
H52,H51,111.33
H52,H52,7968.86
H52,H53,44.4
H52,I,243.08
H52,J58,11.6
H52,J59_60,109.06
H52,J61,152.23
H52,J62_63,137.14
H52,K64,2447.18
H52,K65,139.25
H52,K66,53.35
H52,L68B,846.3
H52,L68A,0
H52,M69_70,1701.32
H52,M71,205.04
H52,M72,0.04
H52,M73,33.82
H52,M74_75,69.94
H52,N77,555.42
H52,N78,857.01
H52,N79,139.89
H52,N80-82,903.12
H52,O,0
H52,P,182.99
H52,Q86,22.42
H52,Q87_88,0
H52,R90-92,0.02
H52,R93,34.34
H52,S94,146.51
H52,S95,10.04
H52,S96,64.23
H52,T,0
H52,HH,14068.23
H53,A01,0
H53,A02,0
H53,A03,0
H53,B,1.4
H53,C10-12,26.88
H53,C13-15,2.88
H53,C16,0.64
H53,C17,3.09
H53,C18,5.29
H53,C19,34.23
H53,C20,5.42
H53,C21,0.09
H53,C22,60.48
H53,C23,0
H53,C24,2.45
H53,C25,9.37
H53,C26,30.7
H53,C27,26.86
H53,C28,4.46
H53,C29,6.88
H53,C30,0.2
H53,C31_32,0
H53,C33,16.13
H53,D,44.57
H53,E36,15.88
H53,E37-39,47.19
H53,F,27.56
H53,G45,8.42
H53,G46,110.64
H53,G47,9.32
H53,H49,29.48
H53,H50,0.15
H53,H51,6.82
H53,H52,21.32
H53,H53,863.04
H53,I,54.56
H53,J58,3.02
H53,J59_60,29.72
H53,J61,410.66
H53,J62_63,54.82
H53,K64,109.23
H53,K65,51.03
H53,K66,52.67
H53,L68B,215.71
H53,L68A,0
H53,M69_70,165.4
H53,M71,10.11
H53,M72,0
H53,M73,0
H53,M74_75,7.82
H53,N77,56.04
H53,N78,200
H53,N79,1.02
H53,N80-82,113.96
H53,O,0
H53,P,98.62
H53,Q86,1.77
H53,Q87_88,0
H53,R90-92,0
H53,R93,8.77
H53,S94,8.64
H53,S95,1.18
H53,S96,3.87
H53,T,0
H53,HH,8925
I,A01,911.25
I,A02,3.18
I,A03,373.34
I,B,88.84
I,C10-12,13187.12
I,C13-15,87.62
I,C16,40.01
I,C17,69.16
I,C18,52.23
I,C19,78.6
I,C20,85.15
I,C21,0.81
I,C22,29.21
I,C23,89.24
I,C24,0
I,C25,63.85
I,C26,13.11
I,C27,27.11
I,C28,25.11
I,C29,5.37
I,C30,0.92
I,C31_32,110.36
I,C33,13.31
I,D,897.27
I,E36,142.23
I,E37-39,243.5
I,F,79.84
I,G45,53.52
I,G46,4751.57
I,G47,451.88
I,H49,755.47
I,H50,9.87
I,H51,77.05
I,H52,862.43
I,H53,128.78
I,I,2347.39
I,J58,15.8
I,J59_60,109.03
I,J61,457.12
I,J62_63,160.2
I,K64,1162.23
I,K65,213.84
I,K66,98.67
I,L68B,1742.81
I,L68A,0
I,M69_70,2089.64
I,M71,309.86
I,M72,0
I,M73,139.54
I,M74_75,71.16
I,N77,275.81
I,N78,461.12
I,N79,319.85
I,N80-82,827.69
I,O,0
I,P,133.76
I,Q86,67.84
I,Q87_88,0
I,R90-92,1.41
I,R93,304.12
I,S94,73.47
I,S95,71.31
I,S96,9.03
I,T,0
I,HH,30113.75
J58,A01,0.06
J58,A02,0.51
J58,A03,0
J58,B,1.68
J58,C10-12,43.15
J58,C13-15,10.51
J58,C16,53.14
J58,C17,1040.06
J58,C18,1355.25
J58,C19,31.37
J58,C20,82.41
J58,C21,0.22
J58,C22,172.56
J58,C23,4.19
J58,C24,15.85
J58,C25,40.42
J58,C26,24.9
J58,C27,16.92
J58,C28,15.16
J58,C29,3.51
J58,C30,4.18
J58,C31_32,9.33
J58,C33,14.75
J58,D,106.44
J58,E36,19.64
J58,E37-39,104.87
J58,F,47.73
J58,G45,21.19
J58,G46,826.93
J58,G47,57.8
J58,H49,164.92
J58,H50,1.42
J58,H51,14.37
J58,H52,481.35
J58,H53,108.02
J58,I,139.52
J58,J58,660.36
J58,J59_60,1321.37
J58,J61,271.21
J58,J62_63,436.95
J58,K64,298.31
J58,K65,77.26
J58,K66,35.93
J58,L68B,450.29
J58,L68A,0
J58,M69_70,1149.64
J58,M71,145.1
J58,M72,0.08
J58,M73,292.66
J58,M74_75,33.55
J58,N77,214.5
J58,N78,37.84
J58,N79,10.6
J58,N80-82,411.55
J58,O,0
J58,P,37.13
J58,Q86,10.75
J58,Q87_88,0
J58,R90-92,0.94
J58,R93,19.54
J58,S94,43.52
J58,S95,7.12
J58,S96,15.44
J58,T,0
J58,HH,8170.13
J59_60,A01,0
J59_60,A02,6.83
J59_60,A03,3.04
J59_60,B,0.63
J59_60,C10-12,308.22
J59_60,C13-15,115.31
J59_60,C16,137.33
J59_60,C17,538.47
J59_60,C18,1051.4
J59_60,C19,151.02
J59_60,C20,123.11
J59_60,C21,0
J59_60,C22,87.9
J59_60,C23,1.08
J59_60,C24,6.01
J59_60,C25,20.25
J59_60,C26,7.64
J59_60,C27,8.16
J59_60,C28,29.41
J59_60,C29,39.34
J59_60,C30,1.29
J59_60,C31_32,87.1
J59_60,C33,4.45
J59_60,D,1218.22
J59_60,E36,318.75
J59_60,E37-39,142.99
J59_60,F,509.31
J59_60,G45,144.88
J59_60,G46,807.21
J59_60,G47,71.59
J59_60,H49,540.49
J59_60,H50,1.48
J59_60,H51,18.87
J59_60,H52,217.81
J59_60,H53,178.76
J59_60,I,462.76
J59_60,J58,93.64
J59_60,J59_60,1236.13
J59_60,J61,220.28
J59_60,J62_63,143.23
J59_60,K64,363.86
J59_60,K65,32.88
J59_60,K66,11.63
J59_60,L68B,358.43
J59_60,L68A,0
J59_60,M69_70,811.69
J59_60,M71,162.4
J59_60,M72,0
J59_60,M73,96.67
J59_60,M74_75,40.98
J59_60,N77,383.57
J59_60,N78,31
J59_60,N79,1.79
J59_60,N80-82,527.21
J59_60,O,0
J59_60,P,73.96
J59_60,Q86,4.65
J59_60,Q87_88,0
J59_60,R90-92,0
J59_60,R93,66.08
J59_60,S94,20.78
J59_60,S95,150
J59_60,S96,41.4
J59_60,T,0
J59_60,HH,5714
J61,A01,0
J61,A02,0
J61,A03,0.44
J61,B,9.53
J61,C10-12,212.96
J61,C13-15,27.02
J61,C16,89.35
J61,C17,56.68
J61,C18,436.15
J61,C19,187.31
J61,C20,38.43
J61,C21,0.19
J61,C22,297.81
J61,C23,37.07
J61,C24,4.2
J61,C25,222.91
J61,C26,372.83
J61,C27,291.3
J61,C28,55.28
J61,C29,29.09
J61,C30,1.05
J61,C31_32,33.45
J61,C33,278.79
J61,D,974.7
J61,E36,100.01
J61,E37-39,220.71
J61,F,612.58
J61,G45,50.41
J61,G46,1110.23
J61,G47,94.57
J61,H49,297.26
J61,H50,1.13
J61,H51,22.71
J61,H52,240.33
J61,H53,1033.42
J61,I,405.23
J61,J58,80.24
J61,J59_60,779.39
J61,J61,11969.04
J61,J62_63,905.46
J61,K64,716.62
J61,K65,871.26
J61,K66,467.07
J61,L68B,1201.1
J61,L68A,0
J61,M69_70,1831.2
J61,M71,244.77
J61,M72,0
J61,M73,708.23
J61,M74_75,106.42
J61,N77,1168.96
J61,N78,90
J61,N79,12.46
J61,N80-82,1189.57
J61,O,0
J61,P,435.73
J61,Q86,22.16
J61,Q87_88,0
J61,R90-92,0
J61,R93,56.69
J61,S94,141.28
J61,S95,58.42
J61,S96,84.32
J61,T,0
J61,HH,8687
J62_63,A01,0.03
J62_63,A02,0.02
J62_63,A03,0
J62_63,B,2.95
J62_63,C10-12,130.41
J62_63,C13-15,2.92
J62_63,C16,8.11
J62_63,C17,35
J62_63,C18,186.77
J62_63,C19,130.47
J62_63,C20,54.71
J62_63,C21,1.2
J62_63,C22,52.85
J62_63,C23,12.53
J62_63,C24,4.75
J62_63,C25,74.34
J62_63,C26,200.14
J62_63,C27,117.53
J62_63,C28,17.38
J62_63,C29,8.56
J62_63,C30,0.41
J62_63,C31_32,17.52
J62_63,C33,31.99
J62_63,D,143.97
J62_63,E36,17.53
J62_63,E37-39,284.43
J62_63,F,119.54
J62_63,G45,28.24
J62_63,G46,745.64
J62_63,G47,42.42
J62_63,H49,116.94
J62_63,H50,0.55
J62_63,H51,53.33
J62_63,H52,403.39
J62_63,H53,360.69
J62_63,I,684.77
J62_63,J58,171.78
J62_63,J59_60,1594.32
J62_63,J61,1282.79
J62_63,J62_63,6564.08
J62_63,K64,288.79
J62_63,K65,225.35
J62_63,K66,68.1
J62_63,L68B,1743.08
J62_63,L68A,0
J62_63,M69_70,2527.91
J62_63,M71,358.39
J62_63,M72,6.89
J62_63,M73,303.8
J62_63,M74_75,80.72
J62_63,N77,694.3
J62_63,N78,232.88
J62_63,N79,64.52
J62_63,N80-82,1064.51
J62_63,O,0
J62_63,P,398.65
J62_63,Q86,22.88
J62_63,Q87_88,0
J62_63,R90-92,3.96
J62_63,R93,96.01
J62_63,S94,41.67
J62_63,S95,15.59
J62_63,S96,72.76
J62_63,T,0
J62_63,HH,29226.49
K64,A01,0
K64,A02,1.27
K64,A03,0
K64,B,6.32
K64,C10-12,18.55
K64,C13-15,5.81
K64,C16,3.47
K64,C17,123.96
K64,C18,167.91
K64,C19,94.1
K64,C20,1.7
K64,C21,0.92
K64,C22,7.25
K64,C23,0
K64,C24,0
K64,C25,1.77
K64,C26,22.81
K64,C27,3.73
K64,C28,5.25
K64,C29,7.16
K64,C30,0.18
K64,C31_32,19
K64,C33,51.57
K64,D,222.01
K64,E36,27.46
K64,E37-39,21.15
K64,F,245.52
K64,G45,12.72
K64,G46,238.2
K64,G47,21.47
K64,H49,124.73
K64,H50,0.75
K64,H51,187.79
K64,H52,57.35
K64,H53,431.37
K64,I,400.6
K64,J58,1311.41
K64,J59_60,61.72
K64,J61,2953.77
K64,J62_63,3014.06
K64,K64,16333.5
K64,K65,253.35
K64,K66,10315
K64,L68B,3324.62
K64,L68A,0
K64,M69_70,1597.75
K64,M71,513.82
K64,M72,0
K64,M73,536.47
K64,M74_75,583.99
K64,N77,1416.91
K64,N78,1186.37
K64,N79,6.08
K64,N80-82,1877.56
K64,O,0
K64,P,552.16
K64,Q86,12.85
K64,Q87_88,0
K64,R90-92,0
K64,R93,1.74
K64,S94,111
K64,S95,248.75
K64,S96,0
K64,T,0
K64,HH,30324
K65,A01,0
K65,A02,0
K65,A03,0
K65,B,0
K65,C10-12,13.78
K65,C13-15,2.6
K65,C16,0
K65,C17,61.77
K65,C18,114.18
K65,C19,44.11
K65,C20,3.25
K65,C21,0.97
K65,C22,12.66
K65,C23,0
K65,C24,0
K65,C25,0
K65,C26,4.73
K65,C27,3.13
K65,C28,0.37
K65,C29,5.43
K65,C30,0
K65,C31_32,10.4
K65,C33,11.2
K65,D,135.75
K65,E36,8.99
K65,E37-39,43.43
K65,F,268.33
K65,G45,59.1
K65,G46,111.44
K65,G47,9.03
K65,H49,83.97
K65,H50,0.31
K65,H51,127.48
K65,H52,79.08
K65,H53,55.07
K65,I,144.66
K65,J58,385.02
K65,J59_60,12.24
K65,J61,662.17
K65,J62_63,798.36
K65,K64,3907.77
K65,K65,4013.53
K65,K66,18828.99
K65,L68B,1339.61
K65,L68A,0
K65,M69_70,1575.92
K65,M71,458.69
K65,M72,0
K65,M73,426.96
K65,M74_75,485.72
K65,N77,1183.2
K65,N78,157.19
K65,N79,0
K65,N80-82,1931.05
K65,O,0
K65,P,159.68
K65,Q86,143.48
K65,Q87_88,0
K65,R90-92,4.12
K65,R93,0
K65,S94,75
K65,S95,53.51
K65,S96,0
K65,T,0
K65,HH,7639
K66,A01,0
K66,A02,0
K66,A03,0
K66,B,0
K66,C10-12,11.67
K66,C13-15,2.77
K66,C16,0
K66,C17,218.01
K66,C18,379.14
K66,C19,18.92
K66,C20,4.31
K66,C21,0
K66,C22,35.59
K66,C23,0
K66,C24,0
K66,C25,0
K66,C26,5.85
K66,C27,6.6
K66,C28,0
K66,C29,3.95
K66,C30,0
K66,C31_32,9.78
K66,C33,8.37
K66,D,26.97
K66,E36,90.11
K66,E37-39,54.97
K66,F,630.09
K66,G45,8.88
K66,G46,245.45
K66,G47,18.8
K66,H49,107.7
K66,H50,0.55
K66,H51,243.96
K66,H52,21.76
K66,H53,193.91
K66,I,262.56
K66,J58,854.15
K66,J59_60,43.69
K66,J61,841.77
K66,J62_63,911.7
K66,K64,2525.54
K66,K65,892.38
K66,K66,2125.91
K66,L68B,1209.31
K66,L68A,0
K66,M69_70,1431.28
K66,M71,228.69
K66,M72,0
K66,M73,0
K66,M74_75,335.34
K66,N77,808.18
K66,N78,178.88
K66,N79,0
K66,N80-82,1323.33
K66,O,0
K66,P,8.83
K66,Q86,98.98
K66,Q87_88,0
K66,R90-92,0
K66,R93,0
K66,S94,32.21
K66,S95,66.11
K66,S96,0
K66,T,0
K66,HH,8876
L68B,A01,0.29
L68B,A02,1.63
L68B,A03,0
L68B,B,1.55
L68B,C10-12,82.37
L68B,C13-15,12.2
L68B,C16,38.18
L68B,C17,74.5
L68B,C18,106.11
L68B,C19,61.28
L68B,C20,90.99
L68B,C21,1.09
L68B,C22,16.03
L68B,C23,62.87
L68B,C24,0.01
L68B,C25,89.59
L68B,C26,5.65
L68B,C27,54.86
L68B,C28,6.74
L68B,C29,6.85
L68B,C30,12.93
L68B,C31_32,9.62
L68B,C33,23.96
L68B,D,430.6
L68B,E36,22.62
L68B,E37-39,751.59
L68B,F,1178.75
L68B,G45,26.12
L68B,G46,455.96
L68B,G47,26.09
L68B,H49,142.66
L68B,H50,0.5
L68B,H51,21.81
L68B,H52,516.97
L68B,H53,79.98
L68B,I,485.97
L68B,J58,51.61
L68B,J59_60,256.09
L68B,J61,414.13
L68B,J62_63,377.23
L68B,K64,11983.39
L68B,K65,214.17
L68B,K66,41.89
L68B,L68B,8215.13
L68B,L68A,0
L68B,M69_70,2863.71
L68B,M71,997.68
L68B,M72,0.35
L68B,M73,50.12
L68B,M74_75,92.14
L68B,N77,485.12
L68B,N78,165.31
L68B,N79,7.9
L68B,N80-82,3543.46
L68B,O,0
L68B,P,77.85
L68B,Q86,13.89
L68B,Q87_88,0
L68B,R90-92,14.33
L68B,R93,70.04
L68B,S94,35.86
L68B,S95,7.8
L68B,S96,21.35
L68B,T,0
L68B,HH,15848.5
L68A,A01,0
L68A,A02,0
L68A,A03,0
L68A,B,0
L68A,C10-12,0
L68A,C13-15,32.4
L68A,C16,93.18
L68A,C17,41.63
L68A,C18,0
L68A,C19,0
L68A,C20,192.95
L68A,C21,0
L68A,C22,38.25
L68A,C23,33.24
L68A,C24,0
L68A,C25,51.37
L68A,C26,0
L68A,C27,51.75
L68A,C28,0
L68A,C29,0
L68A,C30,0
L68A,C31_32,0
L68A,C33,0
L68A,D,0
L68A,E36,0
L68A,E37-39,0
L68A,F,2795.22
L68A,G45,0
L68A,G46,191.76
L68A,G47,18.9
L68A,H49,24.92
L68A,H50,0.36
L68A,H51,0.34
L68A,H52,2.4
L68A,H53,0
L68A,I,0
L68A,J58,0
L68A,J59_60,0
L68A,J61,0
L68A,J62_63,0
L68A,K64,7113.35
L68A,K65,39.23
L68A,K66,0
L68A,L68B,956.1
L68A,L68A,0
L68A,M69_70,0
L68A,M71,0
L68A,M72,0
L68A,M73,0
L68A,M74_75,0
L68A,N77,0
L68A,N78,0
L68A,N79,0
L68A,N80-82,275.05
L68A,O,0
L68A,P,0
L68A,Q86,0
L68A,Q87_88,0
L68A,R90-92,0
L68A,R93,0
L68A,S94,0
L68A,S95,15.85
L68A,S96,0
L68A,T,0
L68A,HH,862
M69_70,A01,0.02
M69_70,A02,1.2
M69_70,A03,0
M69_70,B,8.3
M69_70,C10-12,387.66
M69_70,C13-15,38.32
M69_70,C16,11.16
M69_70,C17,324.97
M69_70,C18,1052.03
M69_70,C19,300.44
M69_70,C20,48.27
M69_70,C21,3.3
M69_70,C22,129.87
M69_70,C23,57.05
M69_70,C24,5.68
M69_70,C25,88.91
M69_70,C26,89.18
M69_70,C27,131.16
M69_70,C28,42.33
M69_70,C29,27.46
M69_70,C30,12
M69_70,C31_32,66.3
M69_70,C33,68.38
M69_70,D,612.87
M69_70,E36,53.13
M69_70,E37-39,565.1
M69_70,F,279.15
M69_70,G45,68.19
M69_70,G46,1232.96
M69_70,G47,72.18
M69_70,H49,289.26
M69_70,H50,1.37
M69_70,H51,130.19
M69_70,H52,936.31
M69_70,H53,695.61
M69_70,I,1375.66
M69_70,J58,166.94
M69_70,J59_60,1395.65
M69_70,J61,1837.48
M69_70,J62_63,1050.75
M69_70,K64,5689.96
M69_70,K65,733.41
M69_70,K66,363.47
M69_70,L68B,4343.69
M69_70,L68A,0
M69_70,M69_70,29163.67
M69_70,M71,817.02
M69_70,M72,0
M69_70,M73,149.66
M69_70,M74_75,426.15
M69_70,N77,2401.18
M69_70,N78,530.07
M69_70,N79,113.22
M69_70,N80-82,4763.73
M69_70,O,0
M69_70,P,445.35
M69_70,Q86,26.6
M69_70,Q87_88,0
M69_70,R90-92,12.25
M69_70,R93,201.84
M69_70,S94,124.99
M69_70,S95,43.81
M69_70,S96,92.46
M69_70,T,0
M69_70,HH,46728.97
M71,A01,0.14
M71,A02,0.52
M71,A03,0
M71,B,3.06
M71,C10-12,162.09
M71,C13-15,1.52
M71,C16,1.77
M71,C17,86.47
M71,C18,453.78
M71,C19,101.81
M71,C20,41.23
M71,C21,2.4
M71,C22,131.7
M71,C23,49.37
M71,C24,0.49
M71,C25,59.78
M71,C26,50.93
M71,C27,72.27
M71,C28,48.53
M71,C29,2.85
M71,C30,4.32
M71,C31_32,37.08
M71,C33,21.8
M71,D,150.22
M71,E36,20.87
M71,E37-39,210.85
M71,F,89.87
M71,G45,20.34
M71,G46,680.21
M71,G47,41.21
M71,H49,140.66
M71,H50,0.68
M71,H51,61.95
M71,H52,467.26
M71,H53,248.8
M71,I,582.4
M71,J58,75.35
M71,J59_60,639.85
M71,J61,560.07
M71,J62_63,406.87
M71,K64,566.06
M71,K65,154.05
M71,K66,123.77
M71,L68B,1599.54
M71,L68A,0
M71,M69_70,1921.83
M71,M71,11741.77
M71,M72,4.41
M71,M73,73.58
M71,M74_75,93.6
M71,N77,677.93
M71,N78,210.12
M71,N79,39.09
M71,N80-82,957.95
M71,O,0
M71,P,181.11
M71,Q86,4.66
M71,Q87_88,0
M71,R90-92,3.51
M71,R93,83.44
M71,S94,13.38
M71,S95,22.94
M71,S96,56.26
M71,T,0
M71,HH,18629.5
M72,A01,0.79
M72,A02,1.83
M72,A03,0
M72,B,15.25
M72,C10-12,413.64
M72,C13-15,6.37
M72,C16,6.58
M72,C17,62.18
M72,C18,408.25
M72,C19,89.5
M72,C20,149.52
M72,C21,6.47
M72,C22,47.3
M72,C23,155.17
M72,C24,36.96
M72,C25,35.42
M72,C26,172.44
M72,C27,73.9
M72,C28,26.74
M72,C29,15.7
M72,C30,9.04
M72,C31_32,23.92
M72,C33,275.09
M72,D,245.05
M72,E36,94.64
M72,E37-39,242.62
M72,F,1006.17
M72,G45,55.97
M72,G46,708.54
M72,G47,63.32
M72,H49,454.19
M72,H50,1.14
M72,H51,112.28
M72,H52,204.89
M72,H53,152.41
M72,I,418.17
M72,J58,242.31
M72,J59_60,466.01
M72,J61,840.01
M72,J62_63,541.96
M72,K64,560.8
M72,K65,160.11
M72,K66,73
M72,L68B,1710.6
M72,L68A,0
M72,M69_70,2730.53
M72,M71,630.09
M72,M72,1143.35
M72,M73,59.8
M72,M74_75,257.6
M72,N77,1461.2
M72,N78,161.24
M72,N79,19.43
M72,N80-82,2602.05
M72,O,0
M72,P,236.75
M72,Q86,39.94
M72,Q87_88,0
M72,R90-92,10.27
M72,R93,53.3
M72,S94,57.16
M72,S95,17.21
M72,S96,38.66
M72,T,0
M72,HH,16963.93
M73,A01,0
M73,A02,0
M73,A03,0
M73,B,2.14
M73,C10-12,185.19
M73,C13-15,0
M73,C16,1.94
M73,C17,24.38
M73,C18,27.57
M73,C19,115.53
M73,C20,16.68
M73,C21,0.83
M73,C22,53.7
M73,C23,10.76
M73,C24,0
M73,C25,19.89
M73,C26,6.18
M73,C27,7.37
M73,C28,4.38
M73,C29,4.63
M73,C30,0.19
M73,C31_32,16.13
M73,C33,12.53
M73,D,147.37
M73,E36,2.09
M73,E37-39,218.24
M73,F,25.95
M73,G45,12.74
M73,G46,168.59
M73,G47,12.54
M73,H49,81.99
M73,H50,0.3
M73,H51,46.26
M73,H52,103.23
M73,H53,64.1
M73,I,157.82
M73,J58,5.99
M73,J59_60,781.69
M73,J61,102.99
M73,J62_63,168.01
M73,K64,498.14
M73,K65,69.58
M73,K66,20.63
M73,L68B,189.74
M73,L68A,0
M73,M69_70,560.36
M73,M71,216.7
M73,M72,0
M73,M73,1344.23
M73,M74_75,104.39
M73,N77,755.19
M73,N78,103
M73,N79,26.2
M73,N80-82,1245.79
M73,O,0
M73,P,190.89
M73,Q86,12.79
M73,Q87_88,0
M73,R90-92,0.92
M73,R93,21.58
M73,S94,148.81
M73,S95,10.41
M73,S96,58.05
M73,T,0
M73,HH,6416
M74_75,A01,0.07
M74_75,A02,0.23
M74_75,A03,0
M74_75,B,0.84
M74_75,C10-12,60.44
M74_75,C13-15,16.02
M74_75,C16,2.77
M74_75,C17,21.4
M74_75,C18,59.9
M74_75,C19,45.56
M74_75,C20,44.63
M74_75,C21,48.18
M74_75,C22,31.37
M74_75,C23,20.88
M74_75,C24,3.14
M74_75,C25,23.09
M74_75,C26,23.87
M74_75,C27,7.17
M74_75,C28,13.34
M74_75,C29,4.35
M74_75,C30,1.88
M74_75,C31_32,21.64
M74_75,C33,21.82
M74_75,D,49.98
M74_75,E36,9.65
M74_75,E37-39,157.21
M74_75,F,76.93
M74_75,G45,16.09
M74_75,G46,335.17
M74_75,G47,21.95
M74_75,H49,53.83
M74_75,H50,0.31
M74_75,H51,16.31
M74_75,H52,145.63
M74_75,H53,51.94
M74_75,I,128.76
M74_75,J58,13.23
M74_75,J59_60,69.77
M74_75,J61,184.01
M74_75,J62_63,77.69
M74_75,K64,224.41
M74_75,K65,44.75
M74_75,K66,25.93
M74_75,L68B,388.94
M74_75,L68A,0
M74_75,M69_70,369.85
M74_75,M71,104.98
M74_75,M72,5.38
M74_75,M73,58.34
M74_75,M74_75,309.51
M74_75,N77,161.66
M74_75,N78,62.25
M74_75,N79,13.74
M74_75,N80-82,322.43
M74_75,O,0
M74_75,P,47.55
M74_75,Q86,7.47
M74_75,Q87_88,0
M74_75,R90-92,14.85
M74_75,R93,18.42
M74_75,S94,14.38
M74_75,S95,8.16
M74_75,S96,7.46
M74_75,T,0
M74_75,HH,3279.57
N77,A01,0.07
N77,A02,0.15
N77,A03,0
N77,B,5.55
N77,C10-12,247.36
N77,C13-15,14.64
N77,C16,11.32
N77,C17,98.6
N77,C18,246.05
N77,C19,307.62
N77,C20,71.65
N77,C21,4.68
N77,C22,101.38
N77,C23,53.64
N77,C24,35.24
N77,C25,162.98
N77,C26,56.4
N77,C27,59.09
N77,C28,53.47
N77,C29,34.04
N77,C30,8.97
N77,C31_32,34.88
N77,C33,72.42
N77,D,90.77
N77,E36,35.5
N77,E37-39,208.6
N77,F,166.24
N77,G45,53.96
N77,G46,503.19
N77,G47,45.62
N77,H49,130
N77,H50,0.77
N77,H51,62.7
N77,H52,481.64
N77,H53,258.32
N77,I,821.55
N77,J58,58.84
N77,J59_60,546.57
N77,J61,970.87
N77,J62_63,498.91
N77,K64,1083.42
N77,K65,261.37
N77,K66,143.42
N77,L68B,1996.77
N77,L68A,0
N77,M69_70,2509.49
N77,M71,664.19
N77,M72,1.94
N77,M73,122.28
N77,M74_75,237.45
N77,N77,2332.21
N77,N78,391.68
N77,N79,84.31
N77,N80-82,2945.22
N77,O,0
N77,P,134.16
N77,Q86,41.03
N77,Q87_88,0
N77,R90-92,8.11
N77,R93,117.21
N77,S94,51.71
N77,S95,30.75
N77,S96,269.67
N77,T,0
N77,HH,5903.4
N78,A01,0.13
N78,A02,0.42
N78,A03,0
N78,B,1.25
N78,C10-12,66.13
N78,C13-15,5.12
N78,C16,3.12
N78,C17,7.55
N78,C18,29.4
N78,C19,22.32
N78,C20,17.78
N78,C21,2.16
N78,C22,8.19
N78,C23,14.04
N78,C24,0.67
N78,C25,13.91
N78,C26,13.09
N78,C27,7.79
N78,C28,6.65
N78,C29,3.91
N78,C30,3.22
N78,C31_32,9.11
N78,C33,13.67
N78,D,33.78
N78,E36,7.87
N78,E37-39,26.56
N78,F,57.68
N78,G45,18.26
N78,G46,123.43
N78,G47,8.73
N78,H49,42.83
N78,H50,0.15
N78,H51,12.05
N78,H52,98.02
N78,H53,40.97
N78,I,76.3
N78,J58,11.95
N78,J59_60,31.68
N78,J61,112.25
N78,J62_63,34.35
N78,K64,92.41
N78,K65,39.81
N78,K66,17.37
N78,L68B,141.92
N78,L68A,0
N78,M69_70,249.05
N78,M71,134.66
N78,M72,4.3
N78,M73,41.79
N78,M74_75,13.65
N78,N77,63.6
N78,N78,229.81
N78,N79,15.67
N78,N80-82,106.59
N78,O,0
N78,P,67.18
N78,Q86,2.34
N78,Q87_88,0
N78,R90-92,6.89
N78,R93,11.03
N78,S94,108.57
N78,S95,5.33
N78,S96,4.92
N78,T,0
N78,HH,26953.68
N79,A01,0
N79,A02,0
N79,A03,0
N79,B,0
N79,C10-12,1.57
N79,C13-15,1.97
N79,C16,0
N79,C17,47.34
N79,C18,23.89
N79,C19,51.87
N79,C20,0.92
N79,C21,0
N79,C22,7.72
N79,C23,0
N79,C24,0
N79,C25,6.75
N79,C26,3.24
N79,C27,5.88
N79,C28,22.09
N79,C29,6.83
N79,C30,0.21
N79,C31_32,0
N79,C33,19.84
N79,D,4.19
N79,E36,22.65
N79,E37-39,30.72
N79,F,23.55
N79,G45,10.55
N79,G46,103.09
N79,G47,6.92
N79,H49,40.47
N79,H50,0.09
N79,H51,55.73
N79,H52,249.91
N79,H53,33.58
N79,I,132.33
N79,J58,3.1
N79,J59_60,30
N79,J61,21.28
N79,J62_63,42.46
N79,K64,114.13
N79,K65,51.87
N79,K66,25.99
N79,L68B,138.43
N79,L68A,0
N79,M69_70,367.54
N79,M71,22.59
N79,M72,0
N79,M73,280.7
N79,M74_75,19.3
N79,N77,122.48
N79,N78,54
N79,N79,1885.55
N79,N80-82,221.08
N79,O,0
N79,P,39.22
N79,Q86,1.8
N79,Q87_88,0
N79,R90-92,0
N79,R93,18.94
N79,S94,36.24
N79,S95,0
N79,S96,5.89
N79,T,0
N79,HH,1710
N80-82,A01,30.13
N80-82,A02,0.28
N80-82,A03,0.81
N80-82,B,30.4
N80-82,C10-12,437.11
N80-82,C13-15,28.06
N80-82,C16,77.93
N80-82,C17,160.39
N80-82,C18,573
N80-82,C19,202.2
N80-82,C20,90.45
N80-82,C21,8.01
N80-82,C22,186.19
N80-82,C23,173.56
N80-82,C24,60.24
N80-82,C25,433.62
N80-82,C26,86.99
N80-82,C27,45.2
N80-82,C28,58.13
N80-82,C29,47.61
N80-82,C30,3.6
N80-82,C31_32,53.66
N80-82,C33,128.16
N80-82,D,190.22
N80-82,E36,66.31
N80-82,E37-39,566.45
N80-82,F,646.31
N80-82,G45,65.56
N80-82,G46,1159.36
N80-82,G47,75.57
N80-82,H49,226.05
N80-82,H50,1.34
N80-82,H51,84.4
N80-82,H52,782.89
N80-82,H53,344.95
N80-82,I,1262.44
N80-82,J58,101.27
N80-82,J59_60,816.47
N80-82,J61,1338.68
N80-82,J62_63,831.62
N80-82,K64,915.29
N80-82,K65,399.31
N80-82,K66,211.91
N80-82,L68B,3784.95
N80-82,L68A,0
N80-82,M69_70,4017.29
N80-82,M71,1377.55
N80-82,M72,36.2
N80-82,M73,119.89
N80-82,M74_75,377.22
N80-82,N77,2470.45
N80-82,N78,565.23
N80-82,N79,131.69
N80-82,N80-82,5589.47
N80-82,O,0
N80-82,P,218.33
N80-82,Q86,68.25
N80-82,Q87_88,0
N80-82,R90-92,12.74
N80-82,R93,178.34
N80-82,S94,122.47
N80-82,S95,40.28
N80-82,S96,82.36
N80-82,T,0
N80-82,HH,29300.53
O,A01,0
O,A02,79.7
O,A03,0
O,B,53.59
O,C10-12,305.27
O,C13-15,44.07
O,C16,3.94
O,C17,319.35
O,C18,343.72
O,C19,425.65
O,C20,121.89
O,C21,17.46
O,C22,0
O,C23,15.75
O,C24,0
O,C25,367.37
O,C26,61.48
O,C27,13.95
O,C28,57.91
O,C29,79.26
O,C30,677.4
O,C31_32,135.18
O,C33,979.92
O,D,1343.03
O,E36,452.2
O,E37-39,2481.93
O,F,3268.57
O,G45,263.13
O,G46,952.56
O,G47,98.34
O,H49,2247.68
O,H50,2.98
O,H51,86.66
O,H52,349.29
O,H53,1452.85
O,I,354.4
O,J58,877.22
O,J59_60,57.6
O,J61,854.25
O,J62_63,889.35
O,K64,2619.59
O,K65,277.73
O,K66,0.75
O,L68B,1663.72
O,L68A,0
O,M69_70,1687.77
O,M71,1408.26
O,M72,0
O,M73,326.68
O,M74_75,890.74
O,N77,1993
O,N78,1096.36
O,N79,8.15
O,N80-82,3078.11
O,O,0
O,P,548.26
O,Q86,208.1
O,Q87_88,0
O,R90-92,130.22
O,R93,137.39
O,S94,0
O,S95,81.46
O,S96,0
O,T,0
O,HH,95682.14
P,A01,13.43
P,A02,7.26
P,A03,0
P,B,10.19
P,C10-12,1809.42
P,C13-15,26.78
P,C16,22.38
P,C17,120.62
P,C18,348.96
P,C19,121.21
P,C20,82.87
P,C21,6.55
P,C22,6.34
P,C23,101.94
P,C24,0.01
P,C25,14.64
P,C26,19.95
P,C27,3.69
P,C28,11.53
P,C29,10.08
P,C30,2.08
P,C31_32,28.32
P,C33,22.82
P,D,899.31
P,E36,539.19
P,E37-39,109.48
P,F,1117.72
P,G45,27.38
P,G46,924.49
P,G47,85.42
P,H49,1481.46
P,H50,2.85
P,H51,39.66
P,H52,147
P,H53,198
P,I,638.63
P,J58,477.38
P,J59_60,102.39
P,J61,387.99
P,J62_63,209.36
P,K64,550.6
P,K65,58.91
P,K66,26.44
P,L68B,545.45
P,L68A,0
P,M69_70,909.26
P,M71,185.6
P,M72,0.23
P,M73,94.97
P,M74_75,382.27
P,N77,997.04
P,N78,507.22
P,N79,18.51
P,N80-82,1734.39
P,O,0
P,P,794.24
P,Q86,9.27
P,Q87_88,0
P,R90-92,64.67
P,R93,83.51
P,S94,0
P,S95,15.11
P,S96,14.23
P,T,0
P,HH,84553.58
Q86,A01,0.88
Q86,A02,0.52
Q86,A03,0
Q86,B,14.48
Q86,C10-12,1363.46
Q86,C13-15,144.55
Q86,C16,0.86
Q86,C17,14.03
Q86,C18,124.47
Q86,C19,82.59
Q86,C20,238.07
Q86,C21,581.15
Q86,C22,108.85
Q86,C23,229.96
Q86,C24,0
Q86,C25,107.03
Q86,C26,179.29
Q86,C27,6.72
Q86,C28,18.06
Q86,C29,37.06
Q86,C30,4.61
Q86,C31_32,562.92
Q86,C33,447.21
Q86,D,599
Q86,E36,508.81
Q86,E37-39,94.4
Q86,F,252.96
Q86,G45,20.08
Q86,G46,3149.88
Q86,G47,297.5
Q86,H49,508.85
Q86,H50,3.06
Q86,H51,51.51
Q86,H52,157.11
Q86,H53,122.9
Q86,I,329.34
Q86,J58,136.08
Q86,J59_60,99.87
Q86,J61,433.89
Q86,J62_63,219.3
Q86,K64,1821.46
Q86,K65,193.71
Q86,K66,18.43
Q86,L68B,1086.51
Q86,L68A,0
Q86,M69_70,1416.83
Q86,M71,47.94
Q86,M72,0
Q86,M73,251.85
Q86,M74_75,298.24
Q86,N77,737.79
Q86,N78,367.18
Q86,N79,7.64
Q86,N80-82,1372.08
Q86,O,0
Q86,P,1388.5
Q86,Q86,1637.26
Q86,Q87_88,0
Q86,R90-92,1.23
Q86,R93,33.78
Q86,S94,0
Q86,S95,53.94
Q86,S96,2.76
Q86,T,0
Q86,HH,57238.53
Q87_88,A01,5.33
Q87_88,A02,0.68
Q87_88,A03,0
Q87_88,B,2.47
Q87_88,C10-12,366.98
Q87_88,C13-15,25.46
Q87_88,C16,19.85
Q87_88,C17,57.72
Q87_88,C18,94.5
Q87_88,C19,46.63
Q87_88,C20,19.97
Q87_88,C21,25.64
Q87_88,C22,12.8
Q87_88,C23,31.22
Q87_88,C24,0
Q87_88,C25,42.12
Q87_88,C26,20.02
Q87_88,C27,1.24
Q87_88,C28,31.71
Q87_88,C29,44.59
Q87_88,C30,0.17
Q87_88,C31_32,66.22
Q87_88,C33,27.51
Q87_88,D,373.95
Q87_88,E36,200.49
Q87_88,E37-39,32.23
Q87_88,F,486.64
Q87_88,G45,74.82
Q87_88,G46,478.57
Q87_88,G47,42.16
Q87_88,H49,348.41
Q87_88,H50,0.9
Q87_88,H51,17.27
Q87_88,H52,32.95
Q87_88,H53,75.46
Q87_88,I,1612.77
Q87_88,J58,117.66
Q87_88,J59_60,30.23
Q87_88,J61,75.07
Q87_88,J62_63,138.01
Q87_88,K64,103.05
Q87_88,K65,107.95
Q87_88,K66,13.11
Q87_88,L68B,816.24
Q87_88,L68A,0
Q87_88,M69_70,858.01
Q87_88,M71,47.2
Q87_88,M72,0
Q87_88,M73,49.88
Q87_88,M74_75,266.21
Q87_88,N77,373.5
Q87_88,N78,180.93
Q87_88,N79,2.71
Q87_88,N80-82,994.21
Q87_88,O,0
Q87_88,P,117.94
Q87_88,Q86,129.43
Q87_88,Q87_88,0
Q87_88,R90-92,30.35
Q87_88,R93,51.6
Q87_88,S94,0
Q87_88,S95,12.12
Q87_88,S96,24.78
Q87_88,T,0
Q87_88,HH,50379.94
R90-92,A01,13.54
R90-92,A02,5.44
R90-92,A03,0
R90-92,B,0
R90-92,C10-12,67.33
R90-92,C13-15,28.98
R90-92,C16,46.12
R90-92,C17,32.68
R90-92,C18,178.17
R90-92,C19,90.36
R90-92,C20,65.73
R90-92,C21,0.59
R90-92,C22,18.64
R90-92,C23,10.27
R90-92,C24,0.67
R90-92,C25,30.41
R90-92,C26,36.16
R90-92,C27,8.84
R90-92,C28,18.49
R90-92,C29,19.38
R90-92,C30,0.16
R90-92,C31_32,76.56
R90-92,C33,32.86
R90-92,D,351.48
R90-92,E36,83.71
R90-92,E37-39,55.81
R90-92,F,474.61
R90-92,G45,45.01
R90-92,G46,434.58
R90-92,G47,31.47
R90-92,H49,172.54
R90-92,H50,0.67
R90-92,H51,25.32
R90-92,H52,206.06
R90-92,H53,90.99
R90-92,I,208.72
R90-92,J58,341.92
R90-92,J59_60,70.89
R90-92,J61,275.17
R90-92,J62_63,102.18
R90-92,K64,195.18
R90-92,K65,45.56
R90-92,K66,23.46
R90-92,L68B,450.01
R90-92,L68A,0
R90-92,M69_70,374
R90-92,M71,180.27
R90-92,M72,0
R90-92,M73,248.78
R90-92,M74_75,89.19
R90-92,N77,272.45
R90-92,N78,163.76
R90-92,N79,11.82
R90-92,N80-82,490.99
R90-92,O,0
R90-92,P,130.03
R90-92,Q86,9.58
R90-92,Q87_88,0
R90-92,R90-92,1464.51
R90-92,R93,969.37
R90-92,S94,8.8
R90-92,S95,11.25
R90-92,S96,9.19
R90-92,T,0
R90-92,HH,9665.32
R93,A01,6.36
R93,A02,4.26
R93,A03,3.74
R93,B,6.23
R93,C10-12,829.85
R93,C13-15,23.49
R93,C16,26.8
R93,C17,36.02
R93,C18,182.09
R93,C19,99.89
R93,C20,54.43
R93,C21,0.36
R93,C22,17.42
R93,C23,30
R93,C24,0.4
R93,C25,17.88
R93,C26,23.59
R93,C27,10.45
R93,C28,14.42
R93,C29,32.06
R93,C30,0.14
R93,C31_32,111.06
R93,C33,18.71
R93,D,521.01
R93,E36,123.68
R93,E37-39,36.56
R93,F,467.63
R93,G45,61.84
R93,G46,626.19
R93,G47,53.32
R93,H49,172.72
R93,H50,1.1
R93,H51,27.52
R93,H52,192.57
R93,H53,91.72
R93,I,350.8
R93,J58,232.34
R93,J59_60,54.31
R93,J61,210.06
R93,J62_63,80.4
R93,K64,199.31
R93,K65,47.06
R93,K66,22.58
R93,L68B,266.04
R93,L68A,0
R93,M69_70,403.84
R93,M71,124.19
R93,M72,0
R93,M73,186.34
R93,M74_75,49.77
R93,N77,330.65
R93,N78,59.78
R93,N79,29.49
R93,N80-82,541.02
R93,O,0
R93,P,43.47
R93,Q86,8.83
R93,Q87_88,0
R93,R90-92,32.23
R93,R93,36.85
R93,S94,11.41
R93,S95,11.3
R93,S96,13.84
R93,T,0
R93,HH,7596.53
S94,A01,0
S94,A02,0
S94,A03,7.27
S94,B,9.47
S94,C10-12,112.76
S94,C13-15,1.94
S94,C16,21.05
S94,C17,3.12
S94,C18,152.43
S94,C19,58.45
S94,C20,35.81
S94,C21,1.44
S94,C22,3.05
S94,C23,4.13
S94,C24,0
S94,C25,2.67
S94,C26,0
S94,C27,0.47
S94,C28,14.88
S94,C29,44.99
S94,C30,0
S94,C31_32,3.48
S94,C33,0
S94,D,157.69
S94,E36,57.98
S94,E37-39,0
S94,F,57.28
S94,G45,66.43
S94,G46,133.11
S94,G47,13.55
S94,H49,262.19
S94,H50,0.39
S94,H51,28.72
S94,H52,7.67
S94,H53,80.95
S94,I,78.73
S94,J58,189.55
S94,J59_60,44.45
S94,J61,65.39
S94,J62_63,138.99
S94,K64,775.56
S94,K65,44.48
S94,K66,0
S94,L68B,384.83
S94,L68A,0
S94,M69_70,281.97
S94,M71,0.93
S94,M72,0
S94,M73,28.69
S94,M74_75,118.41
S94,N77,57.41
S94,N78,21.3
S94,N79,0
S94,N80-82,533.22
S94,O,0
S94,P,9.32
S94,Q86,0
S94,Q87_88,0
S94,R90-92,77.09
S94,R93,83.04
S94,S94,0
S94,S95,17.19
S94,S96,102.49
S94,T,0
S94,HH,8112.89
S95,A01,0
S95,A02,0
S95,A03,0
S95,B,3.61
S95,C10-12,15.43
S95,C13-15,44.24
S95,C16,35.58
S95,C17,11.43
S95,C18,6.77
S95,C19,10.44
S95,C20,17.46
S95,C21,0.08
S95,C22,69.92
S95,C23,43.93
S95,C24,53.1
S95,C25,108.28
S95,C26,137.78
S95,C27,42.69
S95,C28,25.03
S95,C29,2.68
S95,C30,0.25
S95,C31_32,35.26
S95,C33,36.74
S95,D,21.87
S95,E36,5.29
S95,E37-39,12.49
S95,F,15.29
S95,G45,4.95
S95,G46,344.15
S95,G47,30.59
S95,H49,29.59
S95,H50,0.3
S95,H51,1.95
S95,H52,65.44
S95,H53,3.82
S95,I,26.6
S95,J58,2.53
S95,J59_60,22.26
S95,J61,10.89
S95,J62_63,63.85
S95,K64,49.58
S95,K65,19.37
S95,K66,12.77
S95,L68B,47.15
S95,L68A,0
S95,M69_70,190.63
S95,M71,40.36
S95,M72,0
S95,M73,28.92
S95,M74_75,3.72
S95,N77,83.05
S95,N78,50
S95,N79,5.97
S95,N80-82,212.88
S95,O,0
S95,P,22.3
S95,Q86,1.47
S95,Q87_88,0
S95,R90-92,0
S95,R93,3.65
S95,S94,0.9
S95,S95,301.29
S95,S96,2.41
S95,T,0
S95,HH,3715
S96,A01,0.02
S96,A02,0.04
S96,A03,0
S96,B,0.76
S96,C10-12,30.23
S96,C13-15,0.04
S96,C16,0.73
S96,C17,6.37
S96,C18,42.51
S96,C19,23.95
S96,C20,1.86
S96,C21,0.01
S96,C22,14.23
S96,C23,2.43
S96,C24,6.44
S96,C25,8.51
S96,C26,4.88
S96,C27,9.88
S96,C28,14.71
S96,C29,3.99
S96,C30,4.08
S96,C31_32,2.73
S96,C33,9.95
S96,D,8.25
S96,E36,1.54
S96,E37-39,30
S96,F,14.38
S96,G45,12.82
S96,G46,65.92
S96,G47,5.9
S96,H49,19.36
S96,H50,0.09
S96,H51,9.61
S96,H52,31.47
S96,H53,41.76
S96,I,72.98
S96,J58,5.62
S96,J59_60,49.52
S96,J61,120.79
S96,J62_63,22.61
S96,K64,191.69
S96,K65,30.17
S96,K66,15.04
S96,L68B,90.12
S96,L68A,0
S96,M69_70,206.31
S96,M71,185.14
S96,M72,0
S96,M73,0.26
S96,M74_75,13.22
S96,N77,657.44
S96,N78,86.84
S96,N79,4.16
S96,N80-82,160.59
S96,O,0
S96,P,13.47
S96,Q86,1.95
S96,Q87_88,0
S96,R90-92,1.07
S96,R93,10.15
S96,S94,0
S96,S95,6
S96,S96,1309.28
S96,T,0
S96,HH,5495.08
T,A01,0
T,A02,0
T,A03,0
T,B,0
T,C10-12,0
T,C13-15,0
T,C16,0
T,C17,0
T,C18,0
T,C19,0
T,C20,0
T,C21,0
T,C22,0
T,C23,0
T,C24,0
T,C25,0
T,C26,0
T,C27,0
T,C28,0
T,C29,0
T,C30,0
T,C31_32,0
T,C33,0
T,D,0
T,E36,0
T,E37-39,0
T,F,0
T,G45,0
T,G46,0
T,G47,0
T,H49,0
T,H50,0
T,H51,0
T,H52,0
T,H53,0
T,I,0
T,J58,0
T,J59_60,0
T,J61,0
T,J62_63,0
T,K64,0
T,K65,0
T,K66,0
T,L68B,0
T,L68A,0
T,M69_70,0
T,M71,0
T,M72,0
T,M73,0
T,M74_75,0
T,N77,0
T,N78,0
T,N79,0
T,N80-82,0
T,O,0
T,P,0
T,Q86,0
T,Q87_88,0
T,R90-92,0
T,R93,0
T,S94,0
T,S95,0
T,S96,0
T,T,0
T,HH,5162
HH,A01,7651.69
HH,A02,948.49
HH,A03,441.42
HH,B,7.2
HH,C10-12,74057.62
HH,C13-15,3990.85
HH,C16,448.61
HH,C17,1891.38
HH,C18,0
HH,C19,15126.02
HH,C20,3662.39
HH,C21,5507.06
HH,C22,727.63
HH,C23,1127.03
HH,C24,18.71
HH,C25,1211.86
HH,C26,1275.98
HH,C27,1311.78
HH,C28,86.79
HH,C29,11259.92
HH,C30,686.24
HH,C31_32,4137.75
HH,C33,266.37
HH,D,29005.11
HH,E36,4124.75
HH,E37-39,6778.27
HH,F,14675.9
HH,G45,27816.47
HH,G46,37618.82
HH,G47,117883.49
HH,H49,22912.04
HH,H50,418.09
HH,H51,4972.1
HH,H52,6275.16
HH,H53,1544.61
HH,I,67100.97
HH,J58,9223.4
HH,J59_60,5998.92
HH,J61,26591.1
HH,J62_63,1466.31
HH,K64,14638.85
HH,K65,37367.05
HH,K66,0
HH,L68B,62514.62
HH,L68A,154239
HH,M69_70,5500.88
HH,M71,749.22
HH,M72,10199
HH,M73,0
HH,M74_75,3224.21
HH,N77,4833.89
HH,N78,278
HH,N79,2165
HH,N80-82,1589.84
HH,O,177353
HH,P,104442
HH,Q86,132392.39
HH,Q87_88,67245.01
HH,R90-92,21243.85
HH,R93,15187.4
HH,S94,10923
HH,S95,3839
HH,S96,11604.93
HH,T,3990
HH,HH,:
